index,dtm_score
827.0,235.0
500.0,924.0
549.0,477.0
773.0,231.0
644.0,683.0
680.0,534.0
283.0,373.0
882.0,175.0
821.0,595.0
317.0,444.0
321.0,401.0
777.0,390.0
548.0,338.0
834.0,429.0
1008.0,385.0
1523.0,569.0
879.0,433.0
913.0,262.0
292.0,578.0
1831.0,352.0
295.0,610.0
677.0,452.0
383.0,542.0
1634.0,191.0
691.0,308.0
1798.0,416.0
869.0,326.0
313.0,592.0
649.0,371.0
945.0,708.0
493.0,749.0
1942.0,742.0
351.0,290.0
359.0,516.0
403.0,524.0
1341.0,821.0
2009.0,646.0
628.0,628.0
299.0,308.0
771.0,471.0
667.0,623.0
1382.0,359.0
2027.0,624.0
279.0,539.0
1348.0,443.0
67.0,477.0
280.0,686.0
1345.0,423.0
284.0,535.0
922.0,230.0
193.0,592.0
1528.0,622.0
187.0,746.0
186.0,588.0
2101.0,252.0
1439.0,536.0
400.0,685.0
286.0,511.0
774.0,762.0
1337.0,700.0
959.0,614.0
506.0,244.0
282.0,399.0
1156.0,383.0
369.0,466.0
1700.0,573.0
1846.0,509.0
270.0,997.0
545.0,272.0
1483.0,374.0
236.0,757.0
551.0,517.0
1732.0,386.0
671.0,507.0
672.0,745.0
795.0,444.0
801.0,343.0
621.0,511.0
185.0,389.0
385.0,426.0
1505.0,456.0
957.0,545.0
1653.0,429.0
678.0,464.0
312.0,590.0
1.0,730.0
1678.0,535.0
819.0,600.0
1747.0,736.0
1868.0,257.0
1354.0,403.0
1276.0,591.0
970.0,282.0
1437.0,568.0
300.0,477.0
806.0,520.0
669.0,621.0
1524.0,317.0
188.0,641.0
406.0,239.0
811.0,499.0
1623.0,572.0
831.0,450.0
1229.0,391.0
802.0,340.0
523.0,735.0
1330.0,676.0
1379.0,380.0
513.0,260.0
391.0,691.0
639.0,134.0
1476.0,258.0
1776.0,283.0
1273.0,443.0
606.0,749.0
689.0,268.0
1244.0,681.0
1900.0,529.0
656.0,591.0
1984.0,334.0
1948.0,504.0
343.0,520.0
664.0,643.0
1606.0,723.0
1919.0,344.0
1383.0,486.0
1914.0,586.0
197.0,496.0
375.0,354.0
402.0,480.0
812.0,16.0
427.0,269.0
352.0,383.0
2115.0,664.0
457.0,376.0
1738.0,573.0
1893.0,465.0
389.0,491.0
926.0,445.0
1638.0,787.0
980.0,522.0
1236.0,315.0
1879.0,484.0
878.0,617.0
1465.0,457.0
1913.0,619.0
557.0,513.0
805.0,442.0
1849.0,610.0
676.0,210.0
410.0,352.0
943.0,605.0
1187.0,656.0
932.0,500.0
1406.0,408.0
1537.0,565.0
163.0,772.0
172.0,656.0
674.0,284.0
522.0,425.0
527.0,718.0
1966.0,595.0
1958.0,633.0
1991.0,853.0
1339.0,503.0
1502.0,625.0
333.0,605.0
209.0,652.0
1138.0,592.0
1609.0,634.0
2029.0,264.0
1257.0,475.0
1749.0,852.0
2057.0,461.0
298.0,394.0
1801.0,554.0
293.0,483.0
1543.0,325.0
191.0,204.0
928.0,589.0
546.0,802.0
253.0,185.0
995.0,230.0
1496.0,671.0
1762.0,322.0
835.0,935.0
1404.0,975.0
344.0,977.0
1924.0,905.0
954.0,783.0
1318.0,752.0
35.0,835.0
387.0,777.0
345.0,983.0
665.0,815.0
1351.0,525.0
1444.0,796.0
269.0,883.0
1481.0,346.0
303.0,229.0
322.0,510.0
635.0,486.0
1096.0,346.0
1214.0,156.0
2078.0,241.0
194.0,412.0
1614.0,269.0
632.0,555.0
1409.0,207.0
1468.0,842.0
907.0,379.0
912.0,736.0
1107.0,421.0
1315.0,302.0
1612.0,384.0
262.0,388.0
781.0,767.0
1112.0,561.0
1838.0,803.0
1896.0,352.0
768.0,513.0
273.0,504.0
376.0,503.0
1731.0,665.0
633.0,725.0
1605.0,782.0
218.0,573.0
243.0,619.0
346.0,498.0
976.0,2.0
180.0,136.0
307.0,497.0
1519.0,517.0
1662.0,409.0
315.0,191.0
422.0,682.0
1369.0,943.0
608.0,449.0
734.0,508.0
1504.0,448.0
1897.0,605.0
1996.0,704.0
529.0,327.0
798.0,803.0
196.0,679.0
1498.0,547.0
1620.0,607.0
1641.0,379.0
1661.0,674.0
793.0,598.0
1408.0,288.0
822.0,722.0
1755.0,154.0
381.0,830.0
1381.0,374.0
1969.0,185.0
1350.0,333.0
797.0,148.0
1100.0,40.0
1359.0,600.0
1428.0,647.0
1794.0,712.0
824.0,811.0
1117.0,269.0
1934.0,597.0
139.0,239.0
1643.0,244.0
1943.0,363.0
1968.0,162.0
2110.0,818.0
816.0,945.0
825.0,503.0
1186.0,539.0
1561.0,807.0
1828.0,149.0
189.0,143.0
934.0,147.0
936.0,474.0
225.0,751.0
505.0,1010.0
602.0,992.0
685.0,514.0
755.0,955.0
876.0,1292.0
958.0,985.0
311.0,741.0
533.0,968.0
967.0,724.0
1314.0,630.0
1572.0,560.0
338.0,562.0
1515.0,707.0
1626.0,1118.0
660.0,836.0
380.0,742.0
2025.0,1101.0
192.0,673.0
405.0,600.0
1335.0,837.0
726.0,1019.0
1333.0,909.0
1526.0,653.0
325.0,629.0
706.0,817.0
1559.0,773.0
362.0,630.0
408.0,688.0
1217.0,802.0
1580.0,228.0
304.0,568.0
536.0,681.0
810.0,781.0
921.0,926.0
1648.0,1054.0
156.0,603.0
395.0,801.0
1490.0,225.0
1412.0,1226.0
1631.0,1.0
1098.0,607.0
1396.0,711.0
939.0,1210.0
1706.0,817.0
1807.0,599.0
216.0,712.0
349.0,775.0
1223.0,717.0
1566.0,238.0
1899.0,700.0
1489.0,641.0
1802.0,195.0
2015.0,675.0
732.0,301.0
1132.0,844.0
2035.0,646.0
1260.0,578.0
58.0,757.0
1277.0,111.0
1310.0,780.0
364.0,583.0
1367.0,214.0
782.0,288.0
1255.0,349.0
1503.0,887.0
2032.0,824.0
2021.0,820.0
70.0,803.0
336.0,421.0
617.0,690.0
1479.0,767.0
800.0,254.0
1635.0,1035.0
944.0,876.0
1976.0,401.0
2040.0,198.0
467.0,666.0
820.0,662.0
1194.0,272.0
1632.0,636.0
1655.0,1035.0
374.0,66.0
461.0,676.0
190.0,774.0
737.0,119.0
940.0,761.0
1424.0,52.0
2006.0,536.0
278.0,14.0
462.0,640.0
1742.0,953.0
2072.0,657.0
1089.0,78.0
1224.0,81.0
30.0,216.0
114.0,753.0
682.0,881.0
1423.0,806.0
1753.0,712.0
688.0,89.0
1772.0,32.0
1823.0,778.0
52.0,793.0
1679.0,699.0
74.0,1089.0
31.0,344.0
294.0,932.0
1189.0,634.0
1765.0,821.0
285.0,476.0
641.0,870.0
815.0,149.0
1866.0,896.0
1101.0,542.0
2063.0,544.0
731.0,600.0
919.0,772.0
972.0,356.0
88.0,477.0
211.0,99.0
561.0,716.0
567.0,969.0
1206.0,593.0
1707.0,881.0
105.0,1035.0
814.0,565.0
1087.0,777.0
1323.0,905.0
1748.0,458.0
516.0,774.0
1587.0,686.0
1611.0,857.0
1058.0,636.0
1219.0,317.0
1103.0,247.0
532.0,540.0
952.0,370.0
1724.0,721.0
85.0,364.0
499.0,329.0
508.0,246.0
648.0,289.0
850.0,296.0
1647.0,801.0
1779.0,396.0
1999.0,212.0
579.0,372.0
1288.0,678.0
1357.0,878.0
974.0,629.0
1053.0,619.0
224.0,610.0
1109.0,367.0
1380.0,720.0
1486.0,543.0
287.0,682.0
1230.0,672.0
1463.0,256.0
123.0,491.0
636.0,662.0
918.0,235.0
1222.0,538.0
1864.0,480.0
251.0,711.0
448.0,440.0
1413.0,241.0
1491.0,448.0
1621.0,672.0
416.0,402.0
432.0,722.0
620.0,708.0
647.0,547.0
160.0,304.0
1250.0,203.0
1989.0,552.0
326.0,629.0
1507.0,670.0
2118.0,256.0
399.0,874.0
623.0,264.0
1785.0,234.0
578.0,350.0
950.0,753.0
1235.0,751.0
1521.0,622.0
503.0,213.0
1355.0,661.0
1374.0,530.0
1586.0,754.0
538.0,296.0
838.0,350.0
1841.0,258.0
261.0,529.0
324.0,366.0
377.0,561.0
839.0,513.0
1153.0,608.0
1460.0,572.0
320.0,303.0
442.0,164.0
518.0,230.0
1092.0,187.0
779.0,517.0
1870.0,293.0
2005.0,206.0
29.0,180.0
449.0,281.0
291.0,505.0
1334.0,204.0
1401.0,642.0
1291.0,381.0
241.0,185.0
817.0,679.0
809.0,692.0
654.0,1038.0
750.0,341.0
1485.0,616.0
1148.0,415.0
1317.0,529.0
1368.0,113.0
1598.0,730.0
1697.0,1408.0
2045.0,232.0
59.0,681.0
328.0,714.0
1155.0,231.0
1360.0,782.0
1506.0,959.0
1717.0,197.0
382.0,730.0
517.0,364.0
866.0,159.0
1723.0,501.0
663.0,511.0
1955.0,897.0
2014.0,481.0
1743.0,456.0
788.0,734.0
1364.0,699.0
528.0,711.0
847.0,472.0
1750.0,468.0
1495.0,595.0
1593.0,851.0
1384.0,898.0
1501.0,132.0
1950.0,467.0
492.0,690.0
626.0,851.0
1997.0,695.0
2083.0,797.0
2122.0,446.0
109.0,557.0
993.0,731.0
1228.0,781.0
1256.0,645.0
1585.0,611.0
348.0,773.0
526.0,201.0
571.0,713.0
634.0,268.0
794.0,71.0
1556.0,148.0
1670.0,159.0
306.0,666.0
1342.0,184.0
1467.0,945.0
1549.0,833.0
2080.0,631.0
1570.0,1174.0
46.0,1322.0
409.0,627.0
619.0,941.0
1744.0,504.0
1781.0,665.0
2026.0,142.0
56.0,421.0
728.0,310.0
1190.0,860.0
1266.0,613.0
1389.0,246.0
1615.0,267.0
4.0,736.0
1774.0,238.0
235.0,485.0
434.0,1.0
770.0,403.0
1043.0,437.0
1297.0,736.0
1804.0,544.0
2113.0,591.0
116.0,571.0
310.0,689.0
502.0,211.0
1577.0,205.0
1768.0,614.0
1340.0,334.0
244.0,331.0
491.0,445.0
1051.0,715.0
1627.0,728.0
426.0,521.0
106.0,547.0
361.0,463.0
331.0,555.0
790.0,314.0
2117.0,517.0
248.0,478.0
1394.0,635.0
296.0,451.0
796.0,114.0
2103.0,208.0
435.0,634.0
446.0,443.0
183.0,373.0
1097.0,320.0
1657.0,511.0
455.0,453.0
899.0,380.0
973.0,518.0
1752.0,426.0
1956.0,467.0
627.0,512.0
724.0,782.0
762.0,662.0
1181.0,396.0
1449.0,427.0
1470.0,892.0
1484.0,155.0
948.0,800.0
1136.0,638.0
881.0,478.0
355.0,328.0
543.0,190.0
223.0,256.0
553.0,153.0
2099.0,594.0
133.0,584.0
804.0,757.0
1857.0,265.0
2089.0,686.0
1766.0,720.0
1863.0,937.0
1977.0,143.0
356.0,716.0
438.0,293.0
603.0,370.0
1144.0,692.0
2123.0,669.0
465.0,1025.0
1862.0,553.0
658.0,626.0
1336.0,109.0
637.0,813.0
738.0,804.0
681.0,689.0
1123.0,817.0
370.0,723.0
1239.0,659.0
1261.0,85.0
1640.0,895.0
2067.0,159.0
152.0,741.0
157.0,558.0
1574.0,151.0
1660.0,1305.0
1199.0,144.0
692.0,57.0
1349.0,719.0
1926.0,730.0
301.0,1054.0
1309.0,130.0
2081.0,648.0
167.0,137.0
1006.0,402.0
1035.0,702.0
1875.0,75.0
694.0,890.0
1873.0,634.0
1038.0,660.0
1488.0,569.0
1654.0,779.0
2003.0,586.0
860.0,136.0
1789.0,698.0
651.0,887.0
260.0,820.0
778.0,165.0
1320.0,1015.0
1708.0,455.0
1952.0,908.0
36.0,606.0
334.0,940.0
675.0,939.0
713.0,565.0
1197.0,852.0
534.0,646.0
684.0,858.0
1282.0,1097.0
1557.0,929.0
1560.0,552.0
1666.0,1301.0
1764.0,658.0
1954.0,749.0
122.0,234.0
1057.0,645.0
1664.0,782.0
1940.0,453.0
488.0,98.0
1869.0,747.0
98.0,891.0
329.0,613.0
1941.0,1081.0
368.0,654.0
873.0,16.0
1514.0,651.0
1702.0,625.0
609.0,632.0
884.0,173.0
1023.0,245.0
1033.0,588.0
1068.0,209.0
1407.0,175.0
1636.0,597.0
1719.0,409.0
927.0,230.0
1905.0,160.0
358.0,775.0
411.0,242.0
1118.0,219.0
1894.0,287.0
587.0,202.0
1338.0,597.0
169.0,506.0
386.0,646.0
591.0,628.0
657.0,291.0
889.0,188.0
1837.0,602.0
162.0,559.0
758.0,372.0
1140.0,127.0
1590.0,532.0
1751.0,178.0
696.0,360.0
1110.0,669.0
547.0,410.0
1386.0,776.0
288.0,463.0
305.0,685.0
1937.0,500.0
2108.0,500.0
302.0,738.0
428.0,764.0
454.0,472.0
1198.0,800.0
1600.0,380.0
37.0,559.0
714.0,752.0
829.0,659.0
1637.0,414.0
550.0,140.0
903.0,159.0
992.0,477.0
630.0,573.0
1853.0,604.0
165.0,330.0
695.0,607.0
1527.0,174.0
2053.0,536.0
42.0,297.0
1791.0,702.0
1971.0,183.0
40.0,534.0
1918.0,276.0
2069.0,396.0
51.0,782.0
463.0,404.0
1466.0,213.0
1542.0,633.0
1711.0,552.0
1877.0,588.0
1946.0,373.0
96.0,669.0
935.0,536.0
1268.0,477.0
1961.0,550.0
1027.0,519.0
1221.0,453.0
1426.0,808.0
145.0,545.0
227.0,682.0
429.0,1019.0
862.0,498.0
1672.0,1322.0
1890.0,966.0
1799.0,353.0
143.0,593.0
1067.0,1178.0
1911.0,647.0
495.0,710.0
965.0,453.0
1902.0,811.0
1166.0,760.0
1391.0,421.0
1451.0,560.0
1871.0,359.0
2096.0,489.0
60.0,606.0
574.0,696.0
558.0,93.0
690.0,675.0
840.0,96.0
1680.0,530.0
1127.0,795.0
1931.0,689.0
1945.0,939.0
535.0,673.0
1820.0,790.0
20.0,797.0
148.0,8.0
430.0,756.0
1191.0,939.0
1725.0,899.0
807.0,108.0
2091.0,664.0
475.0,859.0
246.0,909.0
319.0,609.0
746.0,419.0
1578.0,703.0
1808.0,773.0
2048.0,905.0
670.0,879.0
787.0,488.0
1270.0,735.0
1376.0,741.0
151.0,785.0
166.0,704.0
240.0,583.0
987.0,921.0
1004.0,754.0
1173.0,1246.0
1596.0,794.0
744.0,232.0
1022.0,788.0
1251.0,785.0
1591.0,581.0
1616.0,1565.0
314.0,296.0
988.0,628.0
1183.0,407.0
1847.0,901.0
1881.0,165.0
717.0,364.0
846.0,1162.0
1065.0,825.0
1284.0,148.0
1784.0,119.0
1843.0,713.0
87.0,712.0
259.0,613.0
297.0,588.0
394.0,544.0
1001.0,431.0
1684.0,266.0
323.0,154.0
249.0,602.0
264.0,695.0
702.0,414.0
711.0,247.0
1328.0,729.0
1981.0,534.0
1928.0,354.0
8.0,276.0
161.0,506.0
521.0,553.0
1105.0,473.0
615.0,572.0
1471.0,305.0
401.0,499.0
776.0,649.0
1047.0,210.0
1676.0,619.0
1826.0,140.0
2039.0,219.0
27.0,272.0
50.0,699.0
168.0,487.0
1111.0,460.0
1200.0,1057.0
91.0,164.0
118.0,122.0
569.0,334.0
1015.0,640.0
1050.0,330.0
1974.0,450.0
84.0,782.0
960.0,480.0
969.0,863.0
1373.0,1127.0
1497.0,546.0
1529.0,667.0
1576.0,1268.0
2104.0,551.0
179.0,638.0
1048.0,330.0
53.0,299.0
699.0,540.0
760.0,120.0
841.0,634.0
1480.0,333.0
1588.0,184.0
1063.0,340.0
1258.0,503.0
1264.0,366.0
1811.0,357.0
126.0,254.0
661.0,461.0
1012.0,430.0
1431.0,670.0
1511.0,411.0
1550.0,553.0
616.0,324.0
1579.0,627.0
1592.0,288.0
1687.0,364.0
339.0,442.0
818.0,812.0
1249.0,439.0
1134.0,348.0
1160.0,404.0
1994.0,442.0
1998.0,812.0
826.0,1127.0
1212.0,330.0
1761.0,205.0
1176.0,174.0
1398.0,413.0
1225.0,723.0
1254.0,738.0
1617.0,221.0
18.0,773.0
335.0,985.0
1099.0,346.0
1510.0,316.0
2047.0,559.0
1114.0,870.0
1770.0,637.0
1812.0,835.0
981.0,530.0
1146.0,339.0
1263.0,496.0
1457.0,856.0
65.0,332.0
135.0,783.0
226.0,621.0
743.0,783.0
1686.0,38.0
1856.0,472.0
101.0,768.0
476.0,752.0
857.0,252.0
570.0,474.0
1139.0,857.0
15.0,755.0
659.0,1051.0
1859.0,498.0
93.0,88.0
309.0,668.0
1086.0,381.0
1441.0,715.0
1478.0,380.0
1594.0,731.0
1720.0,377.0
155.0,823.0
404.0,302.0
673.0,119.0
1531.0,930.0
2001.0,782.0
1182.0,960.0
290.0,590.0
1555.0,353.0
1730.0,170.0
217.0,486.0
473.0,538.0
1583.0,616.0
289.0,208.0
784.0,781.0
1152.0,242.0
1695.0,590.0
718.0,911.0
736.0,143.0
925.0,737.0
1247.0,670.0
1343.0,727.0
642.0,320.0
1075.0,803.0
1442.0,214.0
2107.0,280.0
531.0,241.0
1147.0,866.0
207.0,574.0
583.0,371.0
1094.0,426.0
175.0,244.0
1624.0,535.0
629.0,177.0
855.0,605.0
901.0,603.0
1312.0,274.0
1980.0,402.0
2079.0,537.0
453.0,627.0
679.0,691.0
759.0,473.0
1645.0,826.0
883.0,455.0
1858.0,281.0
765.0,245.0
1562.0,401.0
1860.0,522.0
1474.0,600.0
1568.0,459.0
1813.0,526.0
2119.0,605.0
1975.0,534.0
245.0,652.0
450.0,448.0
581.0,1146.0
1071.0,507.0
1805.0,446.0
2095.0,442.0
880.0,586.0
1551.0,456.0
1692.0,397.0
81.0,591.0
769.0,527.0
1279.0,165.0
1737.0,202.0
393.0,483.0
568.0,460.0
842.0,347.0
1552.0,604.0
433.0,638.0
1226.0,404.0
22.0,370.0
392.0,311.0
1411.0,620.0
1520.0,489.0
1787.0,340.0
414.0,467.0
887.0,333.0
1287.0,492.0
43.0,638.0
272.0,207.0
1806.0,652.0
440.0,457.0
964.0,331.0
991.0,650.0
1589.0,301.0
1782.0,340.0
1867.0,475.0
55.0,504.0
366.0,682.0
748.0,349.0
763.0,464.0
1536.0,456.0
1777.0,593.0
48.0,589.0
86.0,215.0
985.0,591.0
1472.0,679.0
1972.0,518.0
5.0,726.0
752.0,169.0
851.0,249.0
1005.0,266.0
1300.0,643.0
1599.0,733.0
1964.0,106.0
2073.0,87.0
1307.0,280.0
1395.0,417.0
1652.0,587.0
1681.0,273.0
1973.0,602.0
2044.0,201.0
721.0,617.0
1143.0,638.0
1346.0,178.0
466.0,446.0
792.0,547.0
929.0,149.0
1978.0,187.0
117.0,154.0
471.0,558.0
497.0,450.0
1545.0,388.0
1425.0,519.0
1613.0,63.0
2007.0,273.0
1016.0,179.0
1149.0,393.0
1988.0,165.0
1003.0,78.0
195.0,128.0
34.0,566.0
1128.0,735.0
1170.0,513.0
1569.0,750.0
1771.0,139.0
140.0,478.0
1000.0,711.0
1904.0,60.0
1982.0,555.0
580.0,386.0
95.0,817.0
121.0,671.0
766.0,769.0
1078.0,577.0
598.0,790.0
1052.0,739.0
71.0,159.0
232.0,732.0
481.0,173.0
585.0,595.0
1237.0,319.0
1242.0,812.0
33.0,383.0
1129.0,725.0
1410.0,632.0
2106.0,592.0
1736.0,809.0
281.0,337.0
146.0,575.0
220.0,507.0
474.0,501.0
1088.0,788.0
2077.0,636.0
601.0,482.0
57.0,245.0
77.0,235.0
512.0,400.0
595.0,658.0
1939.0,431.0
200.0,504.0
1402.0,342.0
1852.0,612.0
2120.0,524.0
66.0,516.0
1443.0,348.0
238.0,312.0
73.0,764.0
1009.0,431.0
1115.0,582.0
712.0,480.0
854.0,668.0
1365.0,331.0
486.0,841.0
1253.0,570.0
120.0,633.0
221.0,292.0
552.0,341.0
1042.0,532.0
1125.0,662.0
1710.0,446.0
164.0,574.0
222.0,557.0
271.0,701.0
893.0,527.0
1734.0,279.0
1311.0,483.0
511.0,560.0
1116.0,712.0
1995.0,282.0
153.0,700.0
729.0,954.0
730.0,479.0
1178.0,499.0
1783.0,449.0
100.0,582.0
859.0,269.0
1158.0,352.0
1265.0,387.0
1462.0,164.0
228.0,335.0
772.0,615.0
946.0,489.0
2010.0,214.0
231.0,216.0
1836.0,524.0
127.0,210.0
931.0,442.0
1397.0,605.0
1601.0,177.0
1935.0,345.0
2041.0,580.0
1032.0,445.0
137.0,500.0
437.0,274.0
1306.0,368.0
1331.0,669.0
1448.0,563.0
2060.0,603.0
786.0,70.0
1028.0,164.0
1167.0,785.0
813.0,857.0
867.0,374.0
125.0,742.0
201.0,685.0
963.0,610.0
563.0,360.0
142.0,110.0
1547.0,754.0
1920.0,459.0
176.0,347.0
1019.0,646.0
1151.0,629.0
1602.0,655.0
2037.0,592.0
2105.0,184.0
1119.0,143.0
1693.0,189.0
1845.0,136.0
514.0,396.0
1597.0,736.0
1769.0,293.0
129.0,262.0
441.0,444.0
877.0,283.0
1135.0,204.0
1530.0,581.0
1157.0,288.0
1393.0,817.0
1722.0,310.0
586.0,450.0
610.0,774.0
1091.0,168.0
1329.0,733.0
2.0,173.0
45.0,620.0
94.0,723.0
397.0,767.0
742.0,750.0
764.0,579.0
388.0,543.0
171.0,300.0
1041.0,691.0
1414.0,900.0
277.0,724.0
942.0,104.0
1595.0,354.0
856.0,168.0
994.0,9.0
1516.0,715.0
1573.0,866.0
1916.0,517.0
519.0,403.0
733.0,657.0
938.0,150.0
1833.0,386.0
39.0,517.0
1628.0,335.0
1430.0,891.0
1447.0,262.0
520.0,466.0
2049.0,559.0
525.0,155.0
600.0,583.0
1030.0,718.0
1301.0,604.0
1757.0,379.0
64.0,505.0
1246.0,579.0
1951.0,760.0
2059.0,691.0
2102.0,840.0
136.0,587.0
1259.0,465.0
83.0,763.0
1045.0,657.0
1699.0,340.0
1944.0,574.0
582.0,587.0
727.0,499.0
1571.0,685.0
1754.0,434.0
173.0,621.0
897.0,423.0
2058.0,606.0
868.0,457.0
1020.0,355.0
1584.0,893.0
1002.0,230.0
1195.0,431.0
1698.0,915.0
407.0,762.0
1544.0,118.0
1901.0,545.0
144.0,250.0
1036.0,416.0
1271.0,645.0
1436.0,236.0
80.0,602.0
515.0,242.0
1013.0,282.0
1046.0,540.0
668.0,728.0
996.0,244.0
596.0,76.0
686.0,706.0
767.0,118.0
780.0,292.0
1883.0,243.0
2076.0,428.0
21.0,245.0
1688.0,682.0
588.0,298.0
102.0,218.0
875.0,534.0
1076.0,467.0
1216.0,139.0
1313.0,268.0
1675.0,403.0
237.0,389.0
1159.0,491.0
1658.0,533.0
1713.0,112.0
1735.0,653.0
2016.0,762.0
239.0,502.0
445.0,553.0
1007.0,450.0
1718.0,781.0
530.0,812.0
1010.0,216.0
1070.0,701.0
1145.0,823.0
138.0,324.0
577.0,647.0
1177.0,112.0
1885.0,342.0
9.0,735.0
75.0,281.0
1209.0,170.0
1417.0,303.0
2064.0,200.0
44.0,597.0
113.0,478.0
592.0,898.0
147.0,491.0
906.0,247.0
911.0,776.0
1011.0,707.0
1172.0,777.0
2004.0,660.0
2068.0,965.0
1760.0,635.0
1979.0,847.0
2042.0,680.0
443.0,1035.0
1361.0,688.0
1709.0,559.0
908.0,289.0
566.0,990.0
2070.0,531.0
1453.0,431.0
1267.0,1006.0
1403.0,654.0
16.0,792.0
843.0,819.0
1124.0,113.0
1133.0,198.0
1275.0,917.0
1347.0,714.0
898.0,372.0
1729.0,728.0
2011.0,259.0
13.0,789.0
82.0,700.0
1581.0,440.0
1295.0,228.0
1674.0,235.0
1967.0,696.0
605.0,506.0
1464.0,267.0
2002.0,761.0
79.0,701.0
599.0,801.0
983.0,412.0
1696.0,122.0
1909.0,126.0
159.0,590.0
1619.0,714.0
1646.0,235.0
47.0,606.0
1269.0,150.0
1880.0,145.0
1960.0,898.0
1420.0,725.0
212.0,793.0
347.0,1013.0
555.0,885.0
783.0,693.0
1965.0,383.0
1970.0,631.0
1818.0,244.0
808.0,275.0
1663.0,685.0
1062.0,204.0
1607.0,615.0
25.0,312.0
1281.0,479.0
496.0,674.0
739.0,533.0
848.0,769.0
917.0,496.0
205.0,580.0
1370.0,381.0
1933.0,320.0
900.0,707.0
1427.0,510.0
725.0,434.0
1429.0,825.0
233.0,1.0
703.0,854.0
1756.0,638.0
154.0,795.0
830.0,813.0
1625.0,516.0
1665.0,542.0
756.0,770.0
910.0,722.0
1024.0,475.0
1886.0,195.0
90.0,255.0
565.0,444.0
1238.0,89.0
1304.0,303.0
1903.0,422.0
447.0,257.0
653.0,303.0
990.0,749.0
1650.0,752.0
1677.0,528.0
10.0,620.0
353.0,411.0
999.0,789.0
1796.0,410.0
1122.0,469.0
1703.0,586.0
62.0,378.0
1461.0,329.0
1957.0,239.0
1014.0,384.0
2050.0,457.0
423.0,911.0
604.0,163.0
754.0,970.0
1205.0,171.0
174.0,566.0
1671.0,558.0
1082.0,509.0
1446.0,819.0
103.0,129.0
11.0,393.0
1633.0,469.0
1832.0,490.0
78.0,669.0
1305.0,316.0
1452.0,615.0
1792.0,389.0
2098.0,435.0
215.0,268.0
1077.0,192.0
1163.0,227.0
72.0,574.0
1095.0,54.0
1241.0,243.0
1892.0,712.0
14.0,399.0
1629.0,499.0
1887.0,724.0
214.0,427.0
1435.0,862.0
63.0,622.0
132.0,688.0
1108.0,813.0
1385.0,292.0
1682.0,669.0
2093.0,594.0
489.0,535.0
949.0,266.0
1399.0,549.0
1508.0,138.0
1563.0,894.0
1741.0,187.0
1786.0,566.0
107.0,757.0
597.0,588.0
735.0,818.0
951.0,91.0
1716.0,945.0
2030.0,669.0
210.0,702.0
247.0,725.0
1252.0,212.0
1432.0,650.0
1759.0,766.0
2071.0,771.0
953.0,722.0
134.0,258.0
1565.0,290.0
2082.0,175.0
69.0,694.0
254.0,826.0
1188.0,590.0
6.0,796.0
593.0,236.0
761.0,368.0
425.0,693.0
719.0,846.0
1356.0,760.0
1848.0,799.0
1992.0,931.0
28.0,700.0
982.0,717.0
1554.0,381.0
415.0,231.0
625.0,577.0
1025.0,585.0
1532.0,106.0
1689.0,215.0
1797.0,640.0
1180.0,780.0
1500.0,473.0
431.0,204.0
472.0,278.0
894.0,802.0
1987.0,542.0
417.0,715.0
509.0,235.0
833.0,1128.0
905.0,907.0
267.0,240.0
2052.0,776.0
2112.0,625.0
723.0,981.0
1192.0,590.0
1541.0,480.0
1758.0,565.0
41.0,370.0
785.0,225.0
1683.0,279.0
1809.0,25.0
895.0,536.0
396.0,854.0
1962.0,335.0
2097.0,107.0
1272.0,221.0
1630.0,360.0
1840.0,622.0
1898.0,836.0
128.0,458.0
852.0,529.0
1232.0,224.0
775.0,484.0
961.0,164.0
1775.0,688.0
19.0,585.0
150.0,546.0
219.0,544.0
1162.0,229.0
1821.0,371.0
460.0,562.0
469.0,689.0
342.0,644.0
1044.0,164.0
909.0,775.0
1130.0,644.0
1815.0,784.0
1021.0,550.0
1196.0,381.0
198.0,157.0
202.0,375.0
923.0,767.0
1175.0,247.0
124.0,549.0
384.0,523.0
76.0,687.0
1126.0,463.0
1322.0,781.0
494.0,473.0
1142.0,656.0
1668.0,220.0
104.0,590.0
892.0,681.0
1029.0,607.0
1040.0,584.0
1262.0,774.0
1810.0,429.0
930.0,263.0
12.0,561.0
1990.0,460.0
2086.0,691.0
1113.0,714.0
1604.0,734.0
1165.0,588.0
1243.0,537.0
1538.0,633.0
2111.0,604.0
119.0,584.0
575.0,694.0
872.0,566.0
256.0,474.0
890.0,605.0
1031.0,481.0
933.0,701.0
576.0,534.0
1037.0,629.0
1137.0,495.0
1912.0,483.0
745.0,263.0
874.0,336.0
885.0,804.0
914.0,887.0
1691.0,417.0
1908.0,100.0
418.0,841.0
1433.0,163.0
611.0,734.0
2090.0,812.0
242.0,528.0
26.0,815.0
177.0,685.0
1795.0,604.0
2034.0,579.0
902.0,147.0
1319.0,425.0
1922.0,796.0
184.0,722.0
594.0,279.0
975.0,905.0
1400.0,554.0
1106.0,407.0
2020.0,780.0
1878.0,679.0
97.0,471.0
412.0,385.0
2043.0,355.0
924.0,770.0
1450.0,754.0
1917.0,390.0
1923.0,1087.0
141.0,756.0
584.0,638.0
1131.0,628.0
1392.0,869.0
2085.0,225.0
1026.0,657.0
1740.0,796.0
1825.0,280.0
556.0,787.0
1215.0,42.0
2033.0,552.0
24.0,424.0
38.0,729.0
2066.0,773.0
1745.0,40.0
858.0,402.0
1907.0,212.0
451.0,533.0
477.0,930.0
1326.0,650.0
1419.0,754.0
1422.0,248.0
1930.0,671.0
213.0,449.0
955.0,85.0
332.0,656.0
1039.0,796.0
1993.0,802.0
1227.0,418.0
1767.0,643.0
886.0,406.0
1298.0,644.0
1690.0,189.0
749.0,341.0
421.0,172.0
468.0,689.0
828.0,394.0
1874.0,619.0
1685.0,253.0
1712.0,428.0
2018.0,450.0
482.0,593.0
624.0,402.0
1207.0,924.0
1780.0,746.0
1141.0,613.0
1293.0,533.0
1469.0,383.0
715.0,358.0
32.0,600.0
1493.0,294.0
2031.0,573.0
420.0,584.0
1344.0,452.0
250.0,370.0
341.0,298.0
904.0,330.0
1213.0,546.0
709.0,482.0
158.0,216.0
1983.0,560.0
112.0,426.0
1210.0,701.0
92.0,459.0
1154.0,464.0
1286.0,951.0
485.0,72.0
997.0,640.0
1324.0,400.0
978.0,254.0
1061.0,233.0
1642.0,768.0
1150.0,736.0
1534.0,647.0
1622.0,440.0
1790.0,504.0
1518.0,622.0
753.0,294.0
853.0,449.0
1388.0,251.0
989.0,162.0
1179.0,380.0
1064.0,700.0
1080.0,447.0
1947.0,638.0
68.0,566.0
357.0,234.0
865.0,479.0
1829.0,699.0
131.0,731.0
206.0,610.0
263.0,197.0
1161.0,86.0
115.0,124.0
539.0,430.0
1303.0,562.0
1454.0,805.0
560.0,941.0
1366.0,4.0
844.0,503.0
1056.0,449.0
1473.0,515.0
618.0,545.0
1953.0,874.0
2116.0,187.0
170.0,311.0
458.0,381.0
1582.0,751.0
1603.0,697.0
17.0,686.0
1208.0,306.0
1245.0,140.0
1763.0,920.0
1816.0,735.0
108.0,839.0
1927.0,695.0
2094.0,633.0
1358.0,670.0
111.0,749.0
470.0,462.0
1492.0,794.0
89.0,409.0
1421.0,467.0
1814.0,360.0
2054.0,378.0
436.0,441.0
456.0,581.0
613.0,826.0
2013.0,262.0
1416.0,644.0
350.0,742.0
896.0,663.0
1704.0,300.0
1673.0,681.0
54.0,481.0
941.0,575.0
1842.0,523.0
1714.0,747.0
1280.0,170.0
1055.0,683.0
1656.0,353.0
413.0,894.0
849.0,536.0
1332.0,31.0
1567.0,729.0
419.0,293.0
559.0,686.0
1824.0,537.0
698.0,500.0
998.0,601.0
1120.0,716.0
1296.0,381.0
2051.0,541.0
61.0,158.0
266.0,649.0
984.0,279.0
1289.0,624.0
1387.0,389.0
1294.0,234.0
1459.0,789.0
1827.0,325.0
1949.0,401.0
707.0,370.0
968.0,1062.0
1285.0,618.0
204.0,231.0
444.0,837.0
979.0,766.0
1835.0,203.0
1525.0,682.0
99.0,547.0
265.0,539.0
1434.0,768.0
327.0,607.0
562.0,358.0
1891.0,340.0
1283.0,587.0
1499.0,575.0
0.0,549.0
439.0,257.0
1121.0,348.0
1363.0,261.0
1375.0,206.0
1522.0,420.0
459.0,181.0
683.0,611.0
1721.0,352.0
1793.0,162.0
1705.0,747.0
2121.0,246.0
501.0,311.0
823.0,593.0
3.0,243.0
504.0,784.0
1509.0,271.0
1800.0,220.0
1929.0,1118.0
2114.0,390.0
49.0,472.0
182.0,130.0
479.0,241.0
704.0,497.0
1274.0,634.0
199.0,809.0
1553.0,195.0
1865.0,355.0
308.0,713.0
1362.0,252.0
1456.0,601.0
316.0,209.0
1533.0,482.0
1639.0,946.0
1546.0,603.0
2065.0,372.0
920.0,859.0
1540.0,134.0
1854.0,138.0
1575.0,510.0
1830.0,626.0
1921.0,221.0
708.0,210.0
864.0,573.0
1299.0,664.0
373.0,551.0
1169.0,569.0
1316.0,550.0
1694.0,100.0
1049.0,661.0
1513.0,663.0
1963.0,723.0
340.0,229.0
977.0,740.0
1168.0,537.0
2061.0,918.0
464.0,642.0
757.0,710.0
424.0,615.0
1487.0,150.0
1651.0,651.0
572.0,295.0
149.0,652.0
861.0,78.0
1171.0,622.0
1855.0,318.0
700.0,864.0
1844.0,423.0
590.0,603.0
966.0,165.0
208.0,453.0
1034.0,151.0
483.0,445.0
1817.0,404.0
573.0,385.0
915.0,169.0
178.0,149.0
487.0,619.0
1211.0,237.0
1390.0,386.0
1517.0,872.0
452.0,636.0
1803.0,163.0
1906.0,809.0
710.0,799.0
1018.0,355.0
537.0,767.0
1066.0,891.0
1327.0,458.0
354.0,616.0
1353.0,403.0
507.0,522.0
1726.0,637.0
1959.0,203.0
330.0,305.0
1415.0,330.0
1839.0,426.0
1455.0,2.0
2036.0,617.0
23.0,331.0
234.0,861.0
2056.0,885.0
2062.0,120.0
612.0,473.0
1203.0,316.0
1667.0,623.0
716.0,887.0
480.0,484.0
1073.0,220.0
1477.0,324.0
1739.0,316.0
2075.0,824.0
181.0,119.0
255.0,654.0
490.0,260.0
544.0,596.0
891.0,231.0
1201.0,303.0
751.0,612.0
1819.0,154.0
484.0,412.0
1081.0,788.0
2109.0,495.0
722.0,177.0
1069.0,630.0
986.0,29.0
1174.0,511.0
1936.0,643.0
7.0,641.0
701.0,1038.0
1494.0,787.0
747.0,464.0
916.0,612.0
2008.0,622.0
697.0,273.0
1104.0,888.0
1220.0,243.0
1669.0,693.0
1440.0,466.0
962.0,647.0
1325.0,265.0
1773.0,644.0
1054.0,698.0
1888.0,670.0
1218.0,399.0
1233.0,850.0
666.0,196.0
832.0,423.0
1017.0,621.0
1083.0,356.0
1882.0,215.0
478.0,534.0
870.0,421.0
1164.0,851.0
1185.0,428.0
1548.0,787.0
1558.0,793.0
1438.0,421.0
1610.0,624.0
1895.0,535.0
2046.0,533.0
268.0,591.0
1715.0,548.0
1822.0,755.0
1985.0,663.0
705.0,530.0
2038.0,441.0
510.0,553.0
542.0,597.0
640.0,522.0
741.0,284.0
1102.0,890.0
1788.0,162.0
1564.0,138.0
203.0,365.0
607.0,527.0
1248.0,718.0
252.0,338.0
845.0,848.0
1074.0,372.0
1932.0,301.0
614.0,582.0
643.0,501.0
1884.0,798.0
2084.0,692.0
2092.0,582.0
1240.0,729.0
1377.0,95.0
1872.0,565.0
274.0,427.0
390.0,650.0
1072.0,442.0
1889.0,709.0
257.0,752.0
541.0,528.0
836.0,174.0
276.0,1033.0
1618.0,498.0
1378.0,430.0
645.0,130.0
275.0,256.0
622.0,698.0
971.0,765.0
1202.0,449.0
2074.0,124.0
554.0,294.0
2055.0,138.0
740.0,319.0
863.0,758.0
1746.0,88.0
1090.0,38.0
1302.0,112.0
1475.0,778.0
1851.0,686.0
1986.0,1011.0
2019.0,133.0
652.0,841.0
230.0,380.0
662.0,290.0
1204.0,760.0
110.0,309.0
1850.0,325.0
2028.0,764.0
524.0,192.0
650.0,483.0
1834.0,160.0
2012.0,593.0
1445.0,755.0
1085.0,493.0
720.0,441.0
1372.0,317.0
1728.0,533.0
2017.0,701.0
871.0,163.0
1371.0,576.0
888.0,607.0
1915.0,468.0
2088.0,397.0
363.0,245.0
837.0,361.0
956.0,625.0
1925.0,257.0
1278.0,142.0
1292.0,191.0
589.0,838.0
498.0,461.0
1352.0,466.0
1308.0,490.0
1321.0,214.0
2024.0,191.0
337.0,739.0
1193.0,444.0
631.0,223.0
803.0,307.0
2087.0,657.0
1539.0,442.0
1059.0,623.0
1512.0,436.0
1231.0,378.0
1608.0,751.0
1861.0,534.0
398.0,143.0
687.0,186.0
791.0,453.0
2000.0,513.0
789.0,816.0
1482.0,553.0
378.0,688.0
1418.0,653.0
947.0,375.0
2022.0,692.0
1060.0,151.0
1727.0,312.0
638.0,338.0
1659.0,108.0
372.0,120.0
371.0,664.0
1084.0,328.0
1876.0,609.0
1290.0,151.0
2100.0,383.0
655.0,260.0
2124.0,547.0
1701.0,615.0
540.0,356.0
1184.0,389.0
360.0,665.0
1079.0,76.0
1093.0,975.0
646.0,466.0
1458.0,673.0
365.0,590.0
1644.0,483.0
258.0,516.0
1649.0,558.0
937.0,630.0
2023.0,179.0
379.0,786.0
1778.0,335.0
1938.0,361.0
1535.0,682.0
130.0,231.0
693.0,876.0
367.0,265.0
1234.0,675.0
799.0,717.0
1733.0,549.0
229.0,510.0
1910.0,233.0
318.0,692.0
564.0,662.0
1405.0,75.0
