index,sentiment,cum_sentiment
0.0,0.24324324324324326,9.0
1.0,-0.24022346368715083,-43.0
2.0,-0.8165137614678899,-89.0
3.0,-0.55384615384615388,-36.0
4.0,0.5714285714285714,60.0
5.0,0.34693877551020408,17.0
6.0,-0.30985915492957744,-22.0
7.0,-0.77777777777777779,-21.0
8.0,1.5172413793103448,44.0
9.0,0.14084507042253522,10.0
10.0,1.0454545454545454,46.0
11.0,0.10638297872340426,5.0
12.0,0.78823529411764703,67.0
13.0,0.57627118644067798,34.0
14.0,0.10638297872340426,5.0
15.0,0.8936170212765957,42.0
16.0,0.71111111111111114,32.0
17.0,0.21428571428571427,9.0
18.0,0.35416666666666669,17.0
19.0,0.69444444444444442,25.0
20.0,0.23076923076923078,15.0
21.0,-0.049180327868852458,-3.0
22.0,0.28846153846153844,15.0
23.0,0.66666666666666663,12.0
24.0,1.1470588235294117,39.0
25.0,0.759493670886076,60.0
26.0,0.24242424242424243,8.0
27.0,0.24468085106382978,23.0
28.0,-0.2558139534883721,-22.0
29.0,0.69999999999999996,42.0
30.0,0.65217391304347827,45.0
31.0,1.1788079470198676,178.0
32.0,0.14893617021276595,7.0
33.0,0.13207547169811321,7.0
34.0,0.53061224489795922,26.0
35.0,0.265625,17.0
36.0,0.9642857142857143,81.0
37.0,-0.060606060606060608,-6.0
38.0,0.46835443037974683,37.0
39.0,0.021276595744680851,1.0
40.0,-0.09154929577464789,-13.0
41.0,1.1875,38.0
42.0,1.1666666666666667,70.0
43.0,0.40540540540540543,30.0
44.0,1.2608695652173914,58.0
45.0,1.1276595744680851,53.0
46.0,0.0090090090090090089,1.0
47.0,0.97727272727272729,43.0
48.0,0.83636363636363631,92.0
49.0,0.088235294117647065,3.0
50.0,0.44827586206896552,39.0
51.0,0.73493975903614461,61.0
52.0,-0.032000000000000001,-4.0
53.0,0.989247311827957,92.0
54.0,-0.17142857142857143,-6.0
55.0,1.5,63.0
56.0,0.27848101265822783,22.0
57.0,0.75,72.0
58.0,0.64130434782608692,59.0
59.0,0.40404040404040403,40.0
60.0,1.106060606060606,73.0
61.0,0.56756756756756754,21.0
62.0,0.70833333333333337,34.0
63.0,0.26785714285714285,15.0
64.0,-0.49367088607594939,-39.0
65.0,1.3376623376623376,103.0
66.0,-0.20754716981132076,-22.0
67.0,0.4823529411764706,41.0
68.0,0.5,14.0
69.0,0.97435897435897434,38.0
70.0,0.7578125,97.0
71.0,0.27027027027027029,20.0
72.0,0.85365853658536583,35.0
73.0,-0.31481481481481483,-17.0
74.0,0.89743589743589747,70.0
75.0,-0.53333333333333333,-16.0
76.0,0.81081081081081086,30.0
77.0,1.0930232558139534,94.0
78.0,0.59615384615384615,31.0
79.0,0.6166666666666667,37.0
80.0,0.3048780487804878,25.0
81.0,0.75555555555555554,34.0
82.0,0.48780487804878048,20.0
83.0,0.77777777777777779,42.0
84.0,1.0428571428571429,73.0
85.0,0.25,21.0
86.0,0.93181818181818177,41.0
87.0,0.11428571428571428,12.0
88.0,0.7441860465116279,64.0
89.0,0.56666666666666665,17.0
90.0,0.125,2.0
91.0,-0.22448979591836735,-11.0
92.0,0.13333333333333333,2.0
93.0,0.86486486486486491,32.0
94.0,0.0625,5.0
95.0,0.43617021276595747,41.0
96.0,0.36290322580645162,45.0
97.0,0.71739130434782605,33.0
98.0,0.51851851851851849,28.0
99.0,1.5333333333333334,23.0
100.0,0.76543209876543206,62.0
101.0,0.64383561643835618,47.0
102.0,0.83606557377049184,51.0
103.0,0.82978723404255317,39.0
104.0,-0.85999999999999999,-43.0
105.0,0.18095238095238095,19.0
106.0,1.1323529411764706,77.0
107.0,0.19402985074626866,13.0
108.0,1.0,19.0
109.0,0.44776119402985076,30.0
110.0,0.96153846153846156,25.0
111.0,1.1363636363636365,25.0
112.0,1.2352941176470589,42.0
113.0,0.6785714285714286,38.0
114.0,0.58947368421052626,56.0
115.0,1.0769230769230769,42.0
116.0,-0.20000000000000001,-16.0
117.0,0.31746031746031744,20.0
118.0,-0.50684931506849318,-37.0
119.0,0.50847457627118642,30.0
120.0,1.0192307692307692,53.0
121.0,0.61290322580645162,19.0
122.0,0.27142857142857141,19.0
123.0,-0.20779220779220781,-16.0
124.0,0.065217391304347824,3.0
125.0,0.94999999999999996,38.0
126.0,-1.1900826446280992,-144.0
127.0,0.087499999999999994,7.0
128.0,0.25925925925925924,14.0
129.0,0.43478260869565216,30.0
130.0,-2.0,-2.0
131.0,0.52380952380952384,11.0
132.0,0.22500000000000001,9.0
133.0,-0.15151515151515152,-15.0
134.0,0.44067796610169491,26.0
135.0,0.23287671232876711,17.0
136.0,0.057692307692307696,3.0
137.0,1.375,44.0
138.0,0.42622950819672129,26.0
139.0,0.51041666666666663,49.0
140.0,0.5625,27.0
141.0,0.93333333333333335,28.0
142.0,0.796875,51.0
143.0,-0.82352941176470584,-98.0
144.0,1.1923076923076923,31.0
145.0,-0.17391304347826086,-16.0
146.0,0.25,15.0
147.0,0.63636363636363635,28.0
148.0,1.2523364485981308,134.0
149.0,1.2647058823529411,43.0
150.0,0.51162790697674421,22.0
151.0,1.09375,35.0
152.0,-0.37096774193548387,-23.0
153.0,0.26027397260273971,19.0
154.0,0.6333333333333333,38.0
155.0,0.44230769230769229,46.0
156.0,0.77551020408163263,76.0
157.0,-0.37254901960784315,-19.0
158.0,-0.12244897959183673,-6.0
159.0,0.859375,55.0
160.0,0.17999999999999999,18.0
161.0,-0.1111111111111111,-7.0
162.0,0.51724137931034486,45.0
163.0,0.73684210526315785,84.0
164.0,1.8061224489795917,177.0
165.0,1.5147058823529411,103.0
166.0,0.2978723404255319,28.0
167.0,-0.68421052631578949,-65.0
168.0,1.0853658536585367,89.0
169.0,-0.0743801652892562,-9.0
170.0,0.53846153846153844,28.0
171.0,0.62962962962962965,34.0
172.0,1.0795454545454546,95.0
173.0,1.0151515151515151,67.0
174.0,0.91111111111111109,41.0
175.0,0.97058823529411764,33.0
176.0,0.60344827586206895,35.0
177.0,-0.27777777777777779,-10.0
178.0,-1.1399999999999999,-57.0
179.0,0.34920634920634919,22.0
180.0,0.75555555555555554,68.0
181.0,1.5909090909090908,35.0
182.0,1.6296296296296295,44.0
183.0,0.38095238095238093,32.0
184.0,1.5510204081632653,76.0
185.0,0.86956521739130432,60.0
186.0,-0.042553191489361701,-6.0
187.0,-0.29411764705882354,-40.0
188.0,0.84459459459459463,125.0
189.0,1.0852713178294573,140.0
190.0,0.51879699248120303,69.0
191.0,0.24561403508771928,14.0
192.0,0.11475409836065574,7.0
193.0,0.37267080745341613,60.0
194.0,0.83870967741935487,78.0
195.0,0.74137931034482762,43.0
196.0,0.53398058252427183,55.0
197.0,0.43548387096774194,54.0
198.0,0.13636363636363635,6.0
199.0,-0.058823529411764705,-2.0
200.0,0.51111111111111107,23.0
201.0,0.91176470588235292,31.0
202.0,0.8571428571428571,54.0
203.0,0.1111111111111111,2.0
204.0,-0.33333333333333331,-12.0
205.0,0.5714285714285714,32.0
206.0,0.0,0.0
207.0,0.61643835616438358,45.0
208.0,0.54166666666666663,13.0
209.0,0.20388349514563106,21.0
210.0,0.70175438596491224,40.0
211.0,-0.11731843575418995,-21.0
212.0,0.78846153846153844,41.0
213.0,0.35999999999999999,18.0
214.0,0.40476190476190477,17.0
215.0,0.35135135135135137,26.0
216.0,-0.21428571428571427,-27.0
217.0,0.48101265822784811,38.0
218.0,0.07407407407407407,6.0
219.0,0.37037037037037035,20.0
220.0,0.87096774193548387,54.0
221.0,0.7142857142857143,50.0
222.0,-0.71604938271604934,-58.0
223.0,-0.37,-37.0
224.0,1.0151515151515151,67.0
225.0,0.3048780487804878,25.0
226.0,-0.32500000000000001,-26.0
227.0,0.13445378151260504,16.0
228.0,-0.019230769230769232,-2.0
229.0,0.0,0.0
230.0,0.36363636363636365,4.0
231.0,0.017543859649122806,1.0
232.0,0.97752808988764039,87.0
233.0,1.064516129032258,66.0
234.0,0.11428571428571428,4.0
235.0,0.73255813953488369,63.0
236.0,0.75384615384615383,98.0
237.0,0.92000000000000004,46.0
238.0,0.016129032258064516,1.0
239.0,-0.7441860465116279,-64.0
240.0,0.48863636363636365,43.0
241.0,0.59999999999999998,48.0
242.0,1.588235294117647,108.0
243.0,0.35294117647058826,30.0
244.0,0.66666666666666663,32.0
245.0,0.44736842105263158,34.0
246.0,0.17857142857142858,15.0
247.0,0.70588235294117652,36.0
248.0,-0.44961240310077522,-58.0
249.0,0.82978723404255317,78.0
250.0,0.56097560975609762,23.0
251.0,1.2040816326530612,118.0
252.0,-0.54838709677419351,-17.0
253.0,0.75423728813559321,89.0
254.0,1.3428571428571427,47.0
255.0,-0.54545454545454541,-12.0
256.0,0.20000000000000001,7.0
257.0,-0.38709677419354838,-12.0
258.0,1.0,4.0
259.0,0.72413793103448276,21.0
260.0,0.0625,5.0
261.0,-0.94897959183673475,-93.0
262.0,0.93630573248407645,147.0
263.0,1.3043478260869565,30.0
264.0,0.013157894736842105,1.0
265.0,1.0,22.0
266.0,-0.33333333333333331,-12.0
267.0,0.58620689655172409,17.0
268.0,2.0,24.0
269.0,-0.82467532467532467,-127.0
270.0,0.0081967213114754103,1.0
271.0,0.069767441860465115,3.0
272.0,0.86538461538461542,45.0
273.0,0.72677595628415304,133.0
274.0,0.94736842105263153,36.0
275.0,0.10000000000000001,2.0
276.0,-0.083333333333333329,-3.0
277.0,-0.51724137931034486,-30.0
278.0,0.67088607594936711,53.0
279.0,0.76530612244897955,75.0
280.0,-0.041322314049586778,-5.0
281.0,0.28767123287671231,21.0
282.0,0.23270440251572327,37.0
283.0,1.0303030303030303,136.0
284.0,0.013157894736842105,2.0
285.0,0.77477477477477474,86.0
286.0,0.11627906976744186,10.0
287.0,0.67346938775510201,66.0
288.0,0.10344827586206896,9.0
289.0,0.033898305084745763,2.0
290.0,0.44615384615384618,29.0
291.0,-0.42948717948717946,-67.0
292.0,0.44217687074829931,65.0
293.0,0.63970588235294112,87.0
294.0,0.59740259740259738,92.0
295.0,-0.31612903225806449,-49.0
296.0,1.1048387096774193,137.0
297.0,0.21951219512195122,18.0
298.0,0.77631578947368418,59.0
299.0,1.4855072463768115,205.0
300.0,-0.028571428571428571,-3.0
301.0,0.5803571428571429,65.0
302.0,0.77083333333333337,74.0
303.0,0.8867924528301887,94.0
304.0,1.0238095238095237,86.0
305.0,0.16393442622950818,10.0
306.0,0.74468085106382975,35.0
307.0,-0.14173228346456693,-18.0
308.0,1.3076923076923077,34.0
309.0,0.7384615384615385,48.0
310.0,0.73737373737373735,73.0
311.0,-0.11711711711711711,-13.0
312.0,0.087499999999999994,7.0
313.0,-0.33962264150943394,-36.0
314.0,1.4090909090909092,93.0
315.0,0.58653846153846156,61.0
316.0,1.5600000000000001,39.0
317.0,0.67403314917127077,122.0
318.0,0.0,0.0
319.0,0.77419354838709675,24.0
320.0,1.064516129032258,66.0
321.0,-0.18803418803418803,-22.0
322.0,0.85820895522388063,115.0
323.0,0.29090909090909089,16.0
324.0,-0.13793103448275862,-16.0
325.0,-0.72602739726027399,-106.0
326.0,-0.18556701030927836,-18.0
327.0,0.72727272727272729,16.0
328.0,0.26851851851851855,29.0
329.0,0.55660377358490565,59.0
330.0,0.66666666666666663,14.0
331.0,1.1153846153846154,116.0
332.0,1.9347826086956521,89.0
333.0,0.96039603960396036,97.0
334.0,0.027027027027027029,3.0
335.0,0.53260869565217395,49.0
336.0,1.0952380952380953,69.0
337.0,1.5,54.0
338.0,0.33653846153846156,35.0
339.0,0.45714285714285713,32.0
340.0,0.5714285714285714,20.0
341.0,0.95652173913043481,22.0
342.0,-0.038461538461538464,-1.0
343.0,1.0631578947368421,101.0
344.0,0.37931034482758619,33.0
345.0,1.2337662337662338,95.0
346.0,0.5714285714285714,52.0
347.0,-0.10638297872340426,-5.0
348.0,0.78787878787878785,52.0
349.0,0.87058823529411766,74.0
350.0,0.80000000000000004,20.0
351.0,-0.77486910994764402,-148.0
352.0,0.74698795180722888,62.0
353.0,0.85526315789473684,65.0
354.0,1.1707317073170731,48.0
355.0,0.75454545454545452,83.0
356.0,0.55913978494623651,52.0
357.0,1.4411764705882353,49.0
358.0,1.5443037974683544,122.0
359.0,0.94999999999999996,114.0
360.0,1.3999999999999999,7.0
361.0,1.5263157894736843,116.0
362.0,0.63725490196078427,65.0
363.0,0.7142857142857143,5.0
364.0,1.2916666666666667,155.0
365.0,-0.14285714285714285,-1.0
366.0,0.43421052631578949,33.0
367.0,0.5,1.0
368.0,0.66666666666666663,70.0
369.0,0.35057471264367818,61.0
370.0,0.44067796610169491,78.0
371.0,1.6875,27.0
372.0,1.5,30.0
373.0,0.48148148148148145,13.0
374.0,0.27659574468085107,26.0
375.0,0.74757281553398058,77.0
376.0,0.83333333333333337,65.0
377.0,0.81690140845070425,58.0
378.0,0.45454545454545453,5.0
379.0,1.0,4.0
380.0,0.87735849056603776,93.0
381.0,0.80434782608695654,74.0
382.0,0.4642857142857143,39.0
383.0,0.26153846153846155,51.0
384.0,1.5,81.0
385.0,0.47368421052631576,45.0
386.0,1.1728395061728396,95.0
387.0,0.92000000000000004,69.0
388.0,0.66666666666666663,28.0
389.0,0.92222222222222228,83.0
390.0,0.67241379310344829,39.0
391.0,0.82857142857142863,116.0
392.0,0.72727272727272729,24.0
393.0,0.58333333333333337,35.0
394.0,0.16901408450704225,24.0
395.0,0.77215189873417722,61.0
396.0,0.5,13.0
397.0,0.59999999999999998,33.0
398.0,1.9090909090909092,21.0
399.0,0.47222222222222221,34.0
400.0,0.55147058823529416,75.0
401.0,0.64179104477611937,43.0
402.0,-0.69594594594594594,-103.0
403.0,0.90265486725663713,102.0
404.0,0.7142857142857143,35.0
405.0,0.55882352941176472,38.0
406.0,-0.14685314685314685,-21.0
407.0,0.10344827586206896,6.0
408.0,0.99038461538461542,103.0
409.0,0.58461538461538465,38.0
410.0,0.95714285714285718,134.0
411.0,0.66666666666666663,28.0
412.0,1.1458333333333333,55.0
413.0,1.4444444444444444,39.0
414.0,-0.28125,-27.0
415.0,-0.58333333333333337,-35.0
416.0,0.75555555555555554,34.0
417.0,0.69999999999999996,42.0
418.0,1.4761904761904763,93.0
419.0,1.2291666666666667,59.0
420.0,-0.039215686274509803,-2.0
421.0,-1.3061224489795917,-64.0
422.0,0.67469879518072284,56.0
423.0,0.45945945945945948,34.0
424.0,-0.66666666666666663,-34.0
425.0,0.44186046511627908,19.0
426.0,0.79000000000000004,79.0
427.0,0.98571428571428577,138.0
428.0,-0.10569105691056911,-13.0
429.0,1.1194029850746268,75.0
430.0,-0.5178571428571429,-58.0
431.0,0.97297297297297303,36.0
432.0,0.89473684210526316,68.0
433.0,0.11290322580645161,7.0
434.0,-0.52517985611510787,-73.0
435.0,0.71052631578947367,54.0
436.0,0.33333333333333331,9.0
437.0,0.45945945945945948,34.0
438.0,0.40000000000000002,22.0
439.0,1.1111111111111112,50.0
440.0,-0.39814814814814814,-43.0
441.0,0.8392857142857143,47.0
442.0,0.30281690140845069,43.0
443.0,0.42857142857142855,24.0
444.0,0.39285714285714285,11.0
445.0,0.5,27.0
446.0,0.44927536231884058,31.0
447.0,-0.027777777777777776,-2.0
448.0,0.27619047619047621,29.0
449.0,1.0153846153846153,66.0
450.0,0.89743589743589747,70.0
451.0,0.78260869565217395,18.0
452.0,0.66666666666666663,16.0
453.0,-0.57317073170731703,-47.0
454.0,-0.35514018691588783,-38.0
455.0,1.0077519379844961,130.0
456.0,0.5,18.0
457.0,0.65306122448979587,64.0
458.0,-1.0416666666666667,-25.0
459.0,-0.083333333333333329,-2.0
460.0,0.82608695652173914,38.0
461.0,0.23770491803278687,29.0
462.0,-0.10185185185185185,-11.0
463.0,0.057142857142857141,6.0
464.0,-0.40909090909090912,-9.0
465.0,-0.29203539823008851,-33.0
466.0,-0.73076923076923073,-76.0
467.0,0.91666666666666663,55.0
468.0,0.053571428571428568,3.0
469.0,-0.5757575757575758,-19.0
470.0,1.0454545454545454,23.0
471.0,1.0,91.0
472.0,-0.57971014492753625,-40.0
473.0,-1.1058823529411765,-94.0
474.0,0.5,38.0
475.0,1.2222222222222223,66.0
476.0,-0.048387096774193547,-3.0
477.0,-0.85964912280701755,-49.0
478.0,0.29999999999999999,6.0
479.0,0.82608695652173914,19.0
480.0,-0.071428571428571425,-2.0
481.0,1.5789473684210527,30.0
482.0,0.94871794871794868,37.0
483.0,1.3125,42.0
484.0,0.96296296296296291,26.0
485.0,0.66666666666666663,24.0
486.0,1.2190476190476192,128.0
487.0,0.38775510204081631,19.0
488.0,0.83333333333333337,35.0
489.0,0.083333333333333329,4.0
490.0,0.5,9.0
491.0,-0.063063063063063057,-7.0
492.0,0.88,66.0
493.0,0.46236559139784944,43.0
494.0,0.38461538461538464,15.0
495.0,1.0727272727272728,59.0
496.0,0.56716417910447758,38.0
497.0,0.26027397260273971,19.0
498.0,-0.8571428571428571,-18.0
499.0,0.25,25.0
500.0,0.70481927710843373,117.0
501.0,0.59999999999999998,24.0
502.0,0.46511627906976744,40.0
503.0,1.1734693877551021,115.0
504.0,1.0,27.0
505.0,0.65853658536585369,81.0
506.0,0.84905660377358494,45.0
507.0,1.1842105263157894,45.0
508.0,0.1875,24.0
509.0,0.25925925925925924,14.0
510.0,-0.2413793103448276,-7.0
511.0,-0.018518518518518517,-1.0
512.0,1.2037037037037037,65.0
513.0,0.68067226890756305,81.0
514.0,0.86046511627906974,37.0
515.0,0.096385542168674704,8.0
516.0,0.796875,51.0
517.0,0.92592592592592593,75.0
518.0,-0.10000000000000001,-11.0
519.0,0.48214285714285715,27.0
520.0,1.4035087719298245,80.0
521.0,1.0169491525423728,60.0
522.0,0.56164383561643838,41.0
523.0,0.28125,36.0
524.0,0.23529411764705882,4.0
525.0,0.22807017543859648,13.0
526.0,0.93442622950819676,57.0
527.0,-0.058252427184466021,-6.0
528.0,0.69620253164556967,55.0
529.0,1.1599999999999999,87.0
530.0,-0.2857142857142857,-12.0
531.0,0.84482758620689657,49.0
532.0,0.98275862068965514,57.0
533.0,0.046728971962616821,5.0
534.0,0.51351351351351349,57.0
535.0,0.59210526315789469,45.0
536.0,1.5256410256410255,119.0
537.0,1.631578947368421,31.0
538.0,0.41999999999999998,42.0
539.0,0.80645161290322576,25.0
540.0,-1.0,-7.0
541.0,0.40909090909090912,9.0
542.0,1.2857142857142858,9.0
543.0,1.1363636363636365,100.0
544.0,-0.80952380952380953,-17.0
545.0,0.66315789473684206,63.0
546.0,0.94117647058823528,112.0
547.0,-0.029411764705882353,-3.0
548.0,0.85567010309278346,83.0
549.0,0.88961038961038963,137.0
550.0,0.97222222222222221,70.0
551.0,0.79746835443037978,63.0
552.0,-0.30303030303030304,-10.0
553.0,0.46913580246913578,38.0
554.0,0.94117647058823528,16.0
555.0,0.2807017543859649,16.0
556.0,0.67307692307692313,35.0
557.0,1.053191489361702,99.0
558.0,0.46341463414634149,38.0
559.0,1.3043478260869565,30.0
560.0,0.30769230769230771,4.0
561.0,1.3,91.0
562.0,-0.77777777777777779,-28.0
563.0,0.31578947368421051,24.0
564.0,0.0,0.0
565.0,0.23214285714285715,13.0
566.0,1.0769230769230769,56.0
567.0,-0.0625,-5.0
568.0,-0.68656716417910446,-46.0
569.0,0.98245614035087714,56.0
570.0,0.9285714285714286,52.0
571.0,0.21621621621621623,16.0
572.0,0.9555555555555556,43.0
573.0,0.037037037037037035,1.0
574.0,1.0816326530612246,53.0
575.0,1.0555555555555556,38.0
576.0,0.28846153846153844,15.0
577.0,1.2727272727272727,56.0
578.0,-0.11851851851851852,-16.0
579.0,-0.24657534246575341,-36.0
580.0,1.3229166666666667,127.0
581.0,-0.38983050847457629,-23.0
582.0,0.47058823529411764,24.0
583.0,0.15254237288135594,9.0
584.0,1.5740740740740742,85.0
585.0,-0.21739130434782608,-10.0
586.0,0.56666666666666665,34.0
587.0,0.4175824175824176,38.0
588.0,-0.20652173913043478,-19.0
589.0,0.80000000000000004,12.0
590.0,0.61764705882352944,21.0
591.0,-0.17757009345794392,-19.0
592.0,1.0181818181818181,56.0
593.0,0.73809523809523814,31.0
594.0,0.080000000000000002,4.0
595.0,1.1355932203389831,67.0
596.0,0.042253521126760563,3.0
597.0,0.68421052631578949,26.0
598.0,-0.24050632911392406,-19.0
599.0,-0.085714285714285715,-6.0
600.0,0.71212121212121215,47.0
601.0,0.50793650793650791,32.0
602.0,0.0,0.0
603.0,0.21917808219178081,16.0
604.0,0.82758620689655171,48.0
605.0,0.625,35.0
606.0,1.5687203791469195,331.0
607.0,1.5,12.0
608.0,0.47499999999999998,19.0
609.0,0.46153846153846156,36.0
610.0,1.171875,75.0
611.0,-0.42105263157894735,-16.0
612.0,0.0,0.0
613.0,-0.76666666666666672,-46.0
614.0,-0.59259259259259256,-16.0
615.0,0.73493975903614461,61.0
616.0,0.28048780487804881,23.0
617.0,0.70512820512820518,55.0
618.0,1.3461538461538463,35.0
619.0,1.0416666666666667,75.0
620.0,0.8666666666666667,39.0
621.0,0.0099009900990099011,1.0
622.0,0.92000000000000004,23.0
623.0,0.23076923076923078,21.0
624.0,0.57692307692307687,15.0
625.0,-0.25490196078431371,-13.0
626.0,1.0543478260869565,97.0
627.0,1.0461538461538462,68.0
628.0,0.72033898305084743,85.0
629.0,1.1777777777777778,53.0
630.0,-0.80000000000000004,-60.0
631.0,1.5555555555555556,14.0
632.0,1.4273504273504274,167.0
633.0,0.55200000000000005,69.0
634.0,0.7978723404255319,75.0
635.0,-0.35374149659863946,-52.0
636.0,1.174496644295302,175.0
637.0,1.141025641025641,89.0
638.0,0.78125,25.0
639.0,0.46153846153846156,48.0
640.0,1.0,27.0
641.0,1.4202898550724639,98.0
642.0,-0.25663716814159293,-29.0
643.0,0.75609756097560976,31.0
644.0,0.25903614457831325,43.0
645.0,0.59999999999999998,12.0
646.0,0.6428571428571429,9.0
647.0,1.2604166666666667,121.0
648.0,-0.20689655172413793,-12.0
649.0,-0.16,-28.0
650.0,0.5714285714285714,12.0
651.0,1.2321428571428572,69.0
652.0,0.3888888888888889,7.0
653.0,-0.12,-6.0
654.0,-0.55263157894736847,-42.0
655.0,2.2857142857142856,16.0
656.0,0.31914893617021278,30.0
657.0,0.59302325581395354,51.0
658.0,0.078651685393258425,7.0
659.0,0.82191780821917804,60.0
660.0,0.9178082191780822,67.0
661.0,0.16513761467889909,18.0
662.0,0.076923076923076927,1.0
663.0,0.74757281553398058,77.0
664.0,0.019230769230769232,2.0
665.0,1.5,177.0
666.0,1.3414634146341464,55.0
667.0,-0.48989898989898989,-97.0
668.0,0.32673267326732675,33.0
669.0,1.069767441860465,138.0
670.0,-0.23529411764705882,-24.0
671.0,0.53797468354430378,85.0
672.0,0.1875,12.0
673.0,0.56164383561643838,41.0
674.0,0.43564356435643564,44.0
675.0,0.73469387755102045,36.0
676.0,1.1836734693877551,116.0
677.0,-0.54601226993865026,-89.0
678.0,0.41538461538461541,54.0
679.0,0.65384615384615385,34.0
680.0,0.61142857142857143,107.0
681.0,1.3452380952380953,113.0
682.0,0.94366197183098588,67.0
683.0,1.24,93.0
684.0,0.28888888888888886,26.0
685.0,1.056338028169014,75.0
686.0,1.1463414634146341,47.0
687.0,0.27586206896551724,8.0
688.0,-0.084905660377358486,-9.0
689.0,1.2638888888888888,273.0
690.0,0.61842105263157898,47.0
691.0,0.60439560439560436,55.0
692.0,0.92045454545454541,81.0
693.0,0.0,0.0
694.0,0.1864406779661017,11.0
695.0,1.1346153846153846,59.0
696.0,-0.3125,-25.0
697.0,1.0,14.0
698.0,0.42372881355932202,25.0
699.0,0.92079207920792083,93.0
700.0,0.6333333333333333,19.0
701.0,-0.29166666666666669,-7.0
702.0,-0.5714285714285714,-36.0
703.0,0.76744186046511631,33.0
704.0,-0.7931034482758621,-23.0
705.0,-1.55,-62.0
706.0,0.25423728813559321,30.0
707.0,1.1176470588235294,19.0
708.0,1.1538461538461537,15.0
709.0,1.0444444444444445,47.0
710.0,-0.090909090909090912,-2.0
711.0,0.28358208955223879,19.0
712.0,-0.54651162790697672,-47.0
713.0,0.57894736842105265,66.0
714.0,0.42592592592592593,23.0
715.0,0.14285714285714285,6.0
716.0,1.2857142857142858,18.0
717.0,-0.3493975903614458,-29.0
718.0,0.79268292682926833,65.0
719.0,0.59999999999999998,27.0
720.0,0.045454545454545456,1.0
721.0,0.78787878787878785,26.0
722.0,1.6111111111111112,29.0
723.0,-0.27272727272727271,-12.0
724.0,0.57377049180327866,35.0
725.0,1.911764705882353,65.0
726.0,-0.50387596899224807,-65.0
727.0,0.23943661971830985,17.0
728.0,0.65573770491803274,40.0
729.0,0.60465116279069764,26.0
730.0,-0.42028985507246375,-29.0
731.0,0.44827586206896552,52.0
732.0,0.86805555555555558,125.0
733.0,1.0800000000000001,54.0
734.0,-0.028169014084507043,-2.0
735.0,0.75806451612903225,47.0
736.0,1.3148148148148149,71.0
737.0,0.4732142857142857,53.0
738.0,1.1296296296296295,122.0
739.0,-0.23287671232876711,-17.0
740.0,0.095238095238095233,2.0
741.0,-0.5,-15.0
742.0,0.76470588235294112,91.0
743.0,0.86153846153846159,56.0
744.0,0.63380281690140849,45.0
745.0,1.4347826086956521,66.0
746.0,0.8214285714285714,92.0
747.0,-0.79487179487179482,-31.0
748.0,0.22988505747126436,20.0
749.0,0.54716981132075471,29.0
750.0,0.82278481012658233,65.0
751.0,0.64000000000000001,16.0
752.0,0.34065934065934067,31.0
753.0,0.68965517241379315,20.0
754.0,1.0909090909090908,36.0
755.0,0.32173913043478258,37.0
756.0,0.34782608695652173,16.0
757.0,0.66666666666666663,14.0
758.0,-0.10227272727272728,-9.0
759.0,-1.0341880341880343,-121.0
760.0,0.49494949494949497,49.0
761.0,0.83333333333333337,45.0
762.0,0.13636363636363635,18.0
763.0,0.086956521739130432,6.0
764.0,0.56481481481481477,61.0
765.0,0.65753424657534243,48.0
766.0,0.96969696969696972,64.0
767.0,0.1038961038961039,8.0
768.0,1.1348314606741574,101.0
769.0,0.82191780821917804,60.0
770.0,0.80188679245283023,85.0
771.0,1.1632653061224489,114.0
772.0,1.0434782608695652,72.0
773.0,0.9555555555555556,129.0
774.0,-0.69461077844311381,-116.0
775.0,1.0731707317073171,44.0
776.0,0.88235294117647056,60.0
777.0,0.59393939393939399,98.0
778.0,0.71250000000000002,57.0
779.0,0.7142857142857143,65.0
780.0,0.40740740740740738,22.0
781.0,0.92405063291139244,146.0
782.0,0.5892857142857143,99.0
783.0,1.0135135135135136,75.0
784.0,1.1699999999999999,117.0
785.0,0.63793103448275867,37.0
786.0,0.9555555555555556,86.0
787.0,-0.71296296296296291,-77.0
788.0,0.76811594202898548,53.0
789.0,0.5714285714285714,8.0
790.0,-0.61538461538461542,-72.0
791.0,0.0,0.0
792.0,1.0169491525423728,60.0
793.0,1.0963855421686748,91.0
794.0,0.61728395061728392,50.0
795.0,0.018292682926829267,3.0
796.0,1.3548387096774193,126.0
797.0,1.0652173913043479,98.0
798.0,0.53389830508474578,63.0
799.0,2.0,2.0
800.0,1.2142857142857142,136.0
801.0,0.5494505494505495,100.0
802.0,0.77083333333333337,74.0
803.0,-0.52000000000000002,-13.0
804.0,0.21052631578947367,16.0
805.0,0.82105263157894737,78.0
806.0,0.21153846153846154,22.0
807.0,0.7567567567567568,56.0
808.0,1.3768115942028984,95.0
809.0,0.660377358490566,35.0
810.0,0.6705882352941176,57.0
811.0,0.68807339449541283,75.0
812.0,0.30158730158730157,38.0
813.0,0.56944444444444442,41.0
814.0,0.8571428571428571,54.0
815.0,0.65789473684210531,50.0
816.0,1.2452830188679245,132.0
817.0,0.89090909090909087,49.0
818.0,0.48529411764705882,33.0
819.0,0.64179104477611937,43.0
820.0,1.1489361702127661,162.0
821.0,0.46753246753246752,72.0
822.0,0.810126582278481,64.0
823.0,0.55555555555555558,5.0
824.0,0.77777777777777779,63.0
825.0,0.70149253731343286,47.0
826.0,1.0666666666666667,64.0
827.0,-0.20743034055727555,-67.0
828.0,0.68421052631578949,13.0
829.0,-0.3902439024390244,-32.0
830.0,1.0333333333333334,31.0
831.0,1.1293103448275863,131.0
832.0,0.90000000000000002,9.0
833.0,1.2439024390243902,51.0
834.0,1.1857142857142857,166.0
835.0,0.58974358974358976,46.0
836.0,-0.11538461538461539,-3.0
837.0,1.9523809523809523,41.0
838.0,0.59999999999999998,69.0
839.0,0.40579710144927539,56.0
840.0,0.31578947368421051,18.0
841.0,-1.4350649350649352,-221.0
842.0,1.2289156626506024,102.0
843.0,1.0526315789473684,40.0
844.0,-0.38461538461538464,-15.0
845.0,1.1515151515151516,38.0
846.0,0.4845360824742268,47.0
847.0,1.0,116.0
848.0,1.4516129032258065,45.0
849.0,0.45945945945945948,17.0
850.0,1.0985915492957747,78.0
851.0,0.52727272727272723,29.0
852.0,0.74698795180722888,62.0
853.0,0.68421052631578949,13.0
854.0,0.25352112676056338,18.0
855.0,1.101123595505618,98.0
856.0,1.9365079365079365,122.0
857.0,0.5977011494252874,52.0
858.0,0.77272727272727271,17.0
859.0,0.29999999999999999,18.0
860.0,0.39000000000000001,39.0
861.0,0.89655172413793105,52.0
862.0,0.47826086956521741,55.0
863.0,0.60869565217391308,14.0
864.0,1.1499999999999999,23.0
865.0,0.42857142857142855,12.0
866.0,1.1547619047619047,97.0
867.0,0.68421052631578949,52.0
868.0,0.6166666666666667,37.0
869.0,0.99300699300699302,142.0
870.0,1.3333333333333333,12.0
871.0,1.0952380952380953,23.0
872.0,1.411764705882353,72.0
873.0,0.11764705882352941,8.0
874.0,-0.52857142857142858,-37.0
875.0,0.14285714285714285,7.0
876.0,0.70642201834862384,77.0
877.0,0.67164179104477617,45.0
878.0,0.92307692307692313,96.0
879.0,0.072727272727272724,12.0
880.0,-0.35714285714285715,-30.0
881.0,-0.20212765957446807,-19.0
882.0,0.20000000000000001,44.0
883.0,0.075471698113207544,4.0
884.0,-0.11940298507462686,-16.0
885.0,0.66666666666666663,30.0
886.0,-0.22727272727272727,-5.0
887.0,1.4133333333333333,106.0
888.0,1.5294117647058822,26.0
889.0,0.87058823529411766,74.0
890.0,0.22580645161290322,7.0
891.0,1.0,16.0
892.0,0.25,6.0
893.0,1.3103448275862069,38.0
894.0,0.92500000000000004,37.0
895.0,0.41025641025641024,16.0
896.0,0.65000000000000002,26.0
897.0,0.85185185185185186,46.0
898.0,0.58695652173913049,27.0
899.0,0.17142857142857143,12.0
900.0,0.15254237288135594,9.0
901.0,0.81578947368421051,62.0
902.0,1.1020408163265305,54.0
903.0,0.57499999999999996,46.0
904.0,1.1538461538461537,75.0
905.0,1.2222222222222223,44.0
906.0,0.66176470588235292,45.0
907.0,0.034883720930232558,3.0
908.0,0.57971014492753625,40.0
909.0,0.53846153846153844,21.0
910.0,1.0222222222222221,46.0
911.0,0.31578947368421051,12.0
912.0,1.4610778443113772,244.0
913.0,0.74285714285714288,104.0
914.0,0.13461538461538461,7.0
915.0,0.61538461538461542,8.0
916.0,0.76923076923076927,10.0
917.0,0.7321428571428571,41.0
918.0,0.6785714285714286,57.0
919.0,-1.0261437908496731,-157.0
920.0,1.7021276595744681,80.0
921.0,1.013157894736842,77.0
922.0,0.55172413793103448,64.0
923.0,0.87804878048780488,36.0
924.0,1.4705882352941178,25.0
925.0,0.83132530120481929,69.0
926.0,0.10000000000000001,11.0
927.0,1.3846153846153846,90.0
928.0,-0.21739130434782608,-20.0
929.0,1.4102564102564104,110.0
930.0,0.97368421052631582,37.0
931.0,-0.32000000000000001,-16.0
932.0,0.1015625,13.0
933.0,-0.086956521739130432,-2.0
934.0,1.0,71.0
935.0,0.375,15.0
936.0,0.74603174603174605,94.0
937.0,1.8571428571428572,13.0
938.0,1.1774193548387097,73.0
939.0,0.140625,9.0
940.0,0.43809523809523809,46.0
941.0,1.0666666666666667,32.0
942.0,0.3888888888888889,21.0
943.0,0.22758620689655173,33.0
944.0,0.70992366412213737,93.0
945.0,1.1071428571428572,124.0
946.0,1.0851063829787233,51.0
947.0,0.33333333333333331,1.0
948.0,0.41463414634146339,34.0
949.0,0.045454545454545456,2.0
950.0,0.43010752688172044,40.0
951.0,0.64000000000000001,32.0
952.0,1.0123456790123457,82.0
953.0,1.1707317073170731,48.0
954.0,0.57692307692307687,60.0
955.0,-0.85106382978723405,-40.0
956.0,0.6875,11.0
957.0,-0.22131147540983606,-27.0
958.0,1.248,156.0
959.0,-0.38709677419354838,-24.0
960.0,1.323943661971831,94.0
961.0,1.0,23.0
962.0,1.5714285714285714,22.0
963.0,0.66666666666666663,42.0
964.0,1.2777777777777777,69.0
965.0,1.2222222222222223,66.0
966.0,-0.07407407407407407,-2.0
967.0,0.23469387755102042,23.0
968.0,1.4545454545454546,16.0
969.0,0.38961038961038963,30.0
970.0,0.3888888888888889,28.0
971.0,0.53846153846153844,14.0
972.0,0.90677966101694918,107.0
973.0,0.68421052631578949,52.0
974.0,0.67307692307692313,70.0
975.0,0.53703703703703709,29.0
976.0,-0.97515527950310554,-157.0
977.0,0.35714285714285715,10.0
978.0,1.1212121212121211,37.0
979.0,1.04,26.0
980.0,-0.25,-34.0
981.0,-0.088888888888888892,-4.0
982.0,0.95238095238095233,20.0
983.0,0.5,27.0
984.0,1.3333333333333333,40.0
985.0,0.46938775510204084,23.0
986.0,0.52631578947368418,20.0
987.0,-0.62068965517241381,-72.0
988.0,0.76744186046511631,33.0
989.0,-0.18518518518518517,-10.0
990.0,-0.34042553191489361,-16.0
991.0,0.040000000000000001,2.0
992.0,0.65277777777777779,47.0
993.0,1.0789473684210527,82.0
994.0,0.9821428571428571,55.0
995.0,1.1235955056179776,100.0
996.0,0.21153846153846154,11.0
997.0,1.7027027027027026,63.0
998.0,1.0769230769230769,14.0
999.0,0.3125,10.0
1000.0,-0.15584415584415584,-12.0
1001.0,0.3707865168539326,33.0
1002.0,0.21052631578947367,16.0
1003.0,0.41538461538461541,27.0
1004.0,0.50847457627118642,30.0
1005.0,0.9375,75.0
1006.0,0.81451612903225812,101.0
1007.0,0.79591836734693877,39.0
1008.0,-0.15168539325842698,-27.0
1009.0,0.54285714285714282,38.0
1010.0,1.1228070175438596,64.0
1011.0,0.17142857142857143,6.0
1012.0,-0.60162601626016265,-74.0
1013.0,0.46341463414634149,19.0
1014.0,1.3384615384615384,87.0
1015.0,0.81538461538461537,53.0
1016.0,0.22222222222222221,16.0
1017.0,1.1176470588235294,19.0
1018.0,-0.065217391304347824,-3.0
1019.0,0.42857142857142855,12.0
1020.0,0.41935483870967744,39.0
1021.0,0.29850746268656714,20.0
1022.0,0.73809523809523814,31.0
1023.0,0.37234042553191488,35.0
1024.0,0.92452830188679247,49.0
1025.0,0.29545454545454547,13.0
1026.0,1.0416666666666667,50.0
1027.0,0.0,0.0
1028.0,0.43859649122807015,25.0
1029.0,1.6417910447761195,110.0
1030.0,0.71666666666666667,43.0
1031.0,0.41463414634146339,17.0
1032.0,0.36470588235294116,31.0
1033.0,1.0434782608695652,72.0
1034.0,1.5,18.0
1035.0,-0.1743119266055046,-19.0
1036.0,0.5,29.0
1037.0,0.046511627906976744,2.0
1038.0,0.0,0.0
1039.0,0.5714285714285714,20.0
1040.0,-0.8571428571428571,-48.0
1041.0,0.5,21.0
1042.0,0.24489795918367346,12.0
1043.0,0.56302521008403361,67.0
1044.0,1.0416666666666667,25.0
1045.0,0.34999999999999998,14.0
1046.0,0.58333333333333337,42.0
1047.0,0.71951219512195119,59.0
1048.0,1.4342105263157894,109.0
1049.0,0.0,0.0
1050.0,0.71641791044776115,48.0
1051.0,0.80487804878048785,33.0
1052.0,0.11304347826086956,13.0
1053.0,0.68000000000000005,51.0
1054.0,-0.66666666666666663,-18.0
1055.0,-0.96969696969696972,-32.0
1056.0,1.4761904761904763,31.0
1057.0,1.4642857142857142,123.0
1058.0,0.56730769230769229,59.0
1059.0,0.25,6.0
1060.0,0.69999999999999996,7.0
1061.0,1.0,16.0
1062.0,1.0298507462686568,69.0
1063.0,-0.4946236559139785,-46.0
1064.0,-0.060606060606060608,-2.0
1065.0,0.29999999999999999,27.0
1066.0,-0.23809523809523808,-10.0
1067.0,0.84615384615384615,66.0
1068.0,0.37142857142857144,26.0
1069.0,1.1481481481481481,62.0
1070.0,1.3235294117647058,45.0
1071.0,0.50549450549450547,46.0
1072.0,-0.22857142857142856,-8.0
1073.0,1.4166666666666667,34.0
1074.0,0.16666666666666666,5.0
1075.0,0.21929824561403508,25.0
1076.0,1.0434782608695652,48.0
1077.0,1.3055555555555556,47.0
1078.0,0.69696969696969702,46.0
1079.0,0.83333333333333337,5.0
1080.0,0.076923076923076927,2.0
1081.0,0.90000000000000002,36.0
1082.0,1.5483870967741935,96.0
1083.0,1.2,30.0
1084.0,0.5714285714285714,4.0
1085.0,1.1666666666666667,7.0
1086.0,0.28813559322033899,17.0
1087.0,1.1181818181818182,123.0
1088.0,0.10000000000000001,6.0
1089.0,-0.87037037037037035,-94.0
1090.0,-0.2608695652173913,-6.0
1091.0,0.453125,29.0
1092.0,0.43877551020408162,43.0
1093.0,-1.5,-9.0
1094.0,0.053333333333333337,4.0
1095.0,0.87755102040816324,43.0
1096.0,0.647887323943662,46.0
1097.0,-0.090909090909090912,-7.0
1098.0,-0.025210084033613446,-3.0
1099.0,0.60344827586206895,35.0
1100.0,0.047619047619047616,3.0
1101.0,0.39393939393939392,39.0
1102.0,1.6000000000000001,16.0
1103.0,0.66019417475728159,68.0
1104.0,-0.36666666666666664,-11.0
1105.0,0.98648648648648651,73.0
1106.0,1.3103448275862069,38.0
1107.0,0.56338028169014087,40.0
1108.0,0.82352941176470584,28.0
1109.0,0.78195488721804507,104.0
1110.0,-0.23571428571428571,-33.0
1111.0,0.74137931034482762,43.0
1112.0,0.91666666666666663,99.0
1113.0,0.33333333333333331,13.0
1114.0,-0.031746031746031744,-2.0
1115.0,0.2857142857142857,16.0
1116.0,1.2321428571428572,69.0
1117.0,0.38918918918918921,72.0
1118.0,-0.28723404255319152,-27.0
1119.0,0.52173913043478259,24.0
1120.0,0.0,0.0
1121.0,1.2857142857142858,27.0
1122.0,1.2954545454545454,57.0
1123.0,0.76136363636363635,67.0
1124.0,0.68571428571428572,24.0
1125.0,-1.0126582278481013,-80.0
1126.0,-0.36507936507936506,-23.0
1127.0,1.3333333333333333,100.0
1128.0,1.1625000000000001,93.0
1129.0,-0.26213592233009708,-27.0
1130.0,-0.16470588235294117,-14.0
1131.0,0.59090909090909094,13.0
1132.0,0.95614035087719296,109.0
1133.0,-0.69512195121951215,-57.0
1134.0,-0.32876712328767121,-24.0
1135.0,-0.47244094488188976,-60.0
1136.0,-0.44444444444444442,-32.0
1137.0,0.87179487179487181,68.0
1138.0,0.86238532110091748,94.0
1139.0,-0.73958333333333337,-71.0
1140.0,-0.21126760563380281,-15.0
1141.0,0.96153846153846156,25.0
1142.0,1.4893617021276595,70.0
1143.0,0.14285714285714285,10.0
1144.0,0.30681818181818182,27.0
1145.0,1.4918032786885247,91.0
1146.0,-0.53703703703703709,-58.0
1147.0,0.88888888888888884,64.0
1148.0,0.9375,45.0
1149.0,0.046153846153846156,3.0
1150.0,0.48275862068965519,14.0
1151.0,1.180327868852459,72.0
1152.0,0.32456140350877194,37.0
1153.0,1.2941176470588236,88.0
1154.0,0.25531914893617019,12.0
1155.0,-0.071428571428571425,-5.0
1156.0,-0.34210526315789475,-39.0
1157.0,0.069444444444444448,5.0
1158.0,-0.066666666666666666,-7.0
1159.0,0.94594594594594594,35.0
1160.0,-0.13392857142857142,-15.0
1161.0,1.411764705882353,24.0
1162.0,1.5227272727272727,67.0
1163.0,1.2272727272727273,108.0
1164.0,0.76470588235294112,26.0
1165.0,0.32258064516129031,10.0
1166.0,0.47272727272727272,26.0
1167.0,0.62857142857142856,66.0
1168.0,0.96296296296296291,26.0
1169.0,-0.12,-3.0
1170.0,0.76190476190476186,48.0
1171.0,1.0344827586206897,30.0
1172.0,1.3548387096774193,84.0
1173.0,-0.2608695652173913,-18.0
1174.0,1.8636363636363635,41.0
1175.0,0.36842105263157893,21.0
1176.0,0.59090909090909094,26.0
1177.0,0.52941176470588236,27.0
1178.0,0.84444444444444444,38.0
1179.0,1.7272727272727273,38.0
1180.0,-0.096774193548387094,-6.0
1181.0,1.5641025641025641,122.0
1182.0,0.67692307692307696,44.0
1183.0,0.029850746268656716,2.0
1184.0,1.6363636363636365,18.0
1185.0,0.45454545454545453,5.0
1186.0,-0.38666666666666666,-29.0
1187.0,0.44736842105263158,51.0
1188.0,0.38095238095238093,16.0
1189.0,0.069767441860465115,6.0
1190.0,0.67934782608695654,125.0
1191.0,-0.45263157894736844,-43.0
1192.0,-0.14634146341463414,-12.0
1193.0,1.5714285714285714,22.0
1194.0,-0.06097560975609756,-5.0
1195.0,0.62105263157894741,59.0
1196.0,1.4347826086956521,33.0
1197.0,0.65753424657534243,48.0
1198.0,0.73913043478260865,51.0
1199.0,1.074468085106383,101.0
1200.0,1.3725490196078431,70.0
1201.0,2.0,34.0
1202.0,0.80000000000000004,8.0
1203.0,0.40000000000000002,4.0
1204.0,-0.8125,-13.0
1205.0,0.93103448275862066,27.0
1206.0,1.1355932203389831,67.0
1207.0,-0.16666666666666666,-6.0
1208.0,0.81481481481481477,22.0
1209.0,-0.16438356164383561,-12.0
1210.0,0.26666666666666666,8.0
1211.0,0.11538461538461539,3.0
1212.0,1.1807228915662651,98.0
1213.0,0.81818181818181823,18.0
1214.0,0.62037037037037035,67.0
1215.0,0.2857142857142857,8.0
1216.0,1.0625,34.0
1217.0,0.99259259259259258,134.0
1218.0,0.88235294117647056,15.0
1219.0,0.91111111111111109,41.0
1220.0,2.3571428571428572,33.0
1221.0,0.44736842105263158,17.0
1222.0,0.073170731707317069,6.0
1223.0,1.1818181818181819,130.0
1224.0,0.67213114754098358,41.0
1225.0,1.1666666666666667,63.0
1226.0,0.86486486486486491,32.0
1227.0,0.076923076923076927,3.0
1228.0,1.1940298507462686,80.0
1229.0,0.21518987341772153,17.0
1230.0,0.42424242424242425,42.0
1231.0,0.33333333333333331,3.0
1232.0,0.93103448275862066,27.0
1233.0,-0.090909090909090912,-1.0
1234.0,2.0,6.0
1235.0,0.0,0.0
1236.0,0.70652173913043481,65.0
1237.0,0.21052631578947367,12.0
1238.0,-0.80555555555555558,-29.0
1239.0,0.76829268292682928,63.0
1240.0,1.1666666666666667,28.0
1241.0,0.64150943396226412,34.0
1242.0,-0.7232142857142857,-81.0
1243.0,1.0606060606060606,35.0
1244.0,0.70370370370370372,38.0
1245.0,1.7843137254901962,91.0
1246.0,-0.72826086956521741,-67.0
1247.0,-0.64197530864197527,-52.0
1248.0,0.33333333333333331,7.0
1249.0,0.52222222222222225,47.0
1250.0,0.71568627450980393,73.0
1251.0,0.96703296703296704,88.0
1252.0,-0.68656716417910446,-46.0
1253.0,0.89830508474576276,53.0
1254.0,0.83673469387755106,41.0
1255.0,1.462962962962963,79.0
1256.0,0.56910569105691056,70.0
1257.0,0.72289156626506024,60.0
1258.0,-0.064516129032258063,-6.0
1259.0,0.1111111111111111,7.0
1260.0,1.4576271186440677,86.0
1261.0,0.43529411764705883,37.0
1262.0,0.3235294117647059,11.0
1263.0,0.075268817204301078,7.0
1264.0,-0.27368421052631581,-26.0
1265.0,-0.015625,-1.0
1266.0,-0.36153846153846153,-47.0
1267.0,1.2727272727272727,56.0
1268.0,0.98958333333333337,95.0
1269.0,1.358974358974359,106.0
1270.0,0.85185185185185186,46.0
1271.0,-0.21839080459770116,-19.0
1272.0,1.5333333333333334,69.0
1273.0,0.4563758389261745,68.0
1274.0,0.56097560975609762,23.0
1275.0,1.0666666666666667,48.0
1276.0,-0.29166666666666669,-35.0
1277.0,0.33636363636363636,37.0
1278.0,0.28000000000000003,7.0
1279.0,0.76811594202898548,53.0
1280.0,0.37254901960784315,19.0
1281.0,0.23076923076923078,9.0
1282.0,0.33333333333333331,36.0
1283.0,1.1212121212121211,37.0
1284.0,1.2,78.0
1285.0,-0.59375,-19.0
1286.0,0.93023255813953487,40.0
1287.0,0.93421052631578949,71.0
1288.0,0.79220779220779225,61.0
1289.0,0.84615384615384615,33.0
1290.0,1.2222222222222223,33.0
1291.0,0.62365591397849462,58.0
1292.0,0.1875,3.0
1293.0,0.57446808510638303,27.0
1294.0,0.65517241379310343,19.0
1295.0,1.9152542372881356,113.0
1296.0,-0.21428571428571427,-6.0
1297.0,0.96153846153846156,75.0
1298.0,0.46666666666666667,21.0
1299.0,0.95121951219512191,39.0
1300.0,-0.5,-31.0
1301.0,0.81666666666666665,49.0
1302.0,-0.1111111111111111,-2.0
1303.0,0.58620689655172409,17.0
1304.0,0.18181818181818182,12.0
1305.0,1.2931034482758621,75.0
1306.0,0.8125,52.0
1307.0,0.63095238095238093,53.0
1308.0,1.5833333333333333,19.0
1309.0,0.2361111111111111,17.0
1310.0,-0.31756756756756754,-47.0
1311.0,0.10810810810810811,8.0
1312.0,-0.68292682926829273,-56.0
1313.0,0.65909090909090906,29.0
1314.0,0.88970588235294112,121.0
1315.0,1.0701754385964912,122.0
1316.0,0.84999999999999998,34.0
1317.0,1.1627906976744187,100.0
1318.0,1.1686746987951808,97.0
1319.0,0.16666666666666666,4.0
1320.0,0.032608695652173912,3.0
1321.0,2.0,22.0
1322.0,0.25925925925925924,14.0
1323.0,0.978494623655914,91.0
1324.0,-0.59090909090909094,-26.0
1325.0,0.34999999999999998,7.0
1326.0,0.90909090909090906,20.0
1327.0,0.8125,13.0
1328.0,0.91428571428571426,64.0
1329.0,-0.14925373134328357,-10.0
1330.0,0.73529411764705888,75.0
1331.0,0.20289855072463769,14.0
1332.0,1.0769230769230769,28.0
1333.0,1.5436893203883495,159.0
1334.0,-0.25,-20.0
1335.0,0.45299145299145299,53.0
1336.0,0.7857142857142857,55.0
1337.0,1.0476190476190477,132.0
1338.0,0.85526315789473684,65.0
1339.0,0.074829931972789115,11.0
1340.0,0.75247524752475248,76.0
1341.0,0.88194444444444442,127.0
1342.0,0.625,65.0
1343.0,0.74358974358974361,58.0
1344.0,1.1000000000000001,33.0
1345.0,0.34426229508196721,42.0
1346.0,-0.22105263157894736,-21.0
1347.0,1.290909090909091,71.0
1348.0,-0.42105263157894735,-72.0
1349.0,0.068493150684931503,5.0
1350.0,1.1367521367521367,133.0
1351.0,0.038167938931297711,5.0
1352.0,-0.23076923076923078,-6.0
1353.0,-0.33333333333333331,-7.0
1354.0,0.16216216216216217,24.0
1355.0,0.37179487179487181,29.0
1356.0,0.69999999999999996,28.0
1357.0,0.7592592592592593,41.0
1358.0,1.0,14.0
1359.0,-0.11363636363636363,-10.0
1360.0,1.0602409638554218,88.0
1361.0,1.6000000000000001,32.0
1362.0,0.90909090909090906,20.0
1363.0,-0.29999999999999999,-9.0
1364.0,0.20408163265306123,30.0
1365.0,1.1028037383177569,118.0
1366.0,0.48148148148148145,13.0
1367.0,1.0330578512396693,125.0
1368.0,0.64646464646464652,64.0
1369.0,0.27966101694915252,33.0
1370.0,0.68421052631578949,52.0
1371.0,1.7,17.0
1372.0,1.0,14.0
1373.0,1.1052631578947369,63.0
1374.0,0.32222222222222224,29.0
1375.0,0.21875,7.0
1376.0,0.89655172413793105,26.0
1377.0,1.25,20.0
1378.0,0.33333333333333331,7.0
1379.0,0.090909090909090912,13.0
1380.0,0.19191919191919191,19.0
1381.0,-0.6063829787234043,-57.0
1382.0,1.1290322580645162,175.0
1383.0,0.42718446601941745,44.0
1384.0,-0.36296296296296299,-49.0
1385.0,0.86363636363636365,38.0
1386.0,1.5512820512820513,121.0
1387.0,0.22857142857142856,8.0
1388.0,1.3809523809523809,29.0
1389.0,1.0754716981132075,114.0
1390.0,1.6399999999999999,41.0
1391.0,0.7142857142857143,35.0
1392.0,0.87878787878787878,29.0
1393.0,1.1363636363636365,100.0
1394.0,0.97727272727272729,86.0
1395.0,0.31147540983606559,19.0
1396.0,0.23966942148760331,29.0
1397.0,-0.10227272727272728,-9.0
1398.0,0.61728395061728392,50.0
1399.0,-0.33898305084745761,-20.0
1400.0,0.6428571428571429,27.0
1401.0,0.40000000000000002,34.0
1402.0,0.68316831683168322,69.0
1403.0,0.98039215686274506,50.0
1404.0,0.8928571428571429,75.0
1405.0,0.0,0.0
1406.0,0.72222222222222221,78.0
1407.0,1.0,43.0
1408.0,1.0909090909090908,108.0
1409.0,-0.24031007751937986,-31.0
1410.0,1.5652173913043479,72.0
1411.0,0.44736842105263158,17.0
1412.0,1.1025641025641026,86.0
1413.0,1.146551724137931,133.0
1414.0,0.56862745098039214,29.0
1415.0,1.05,21.0
1416.0,-0.090909090909090912,-4.0
1417.0,0.19047619047619047,12.0
1418.0,0.38461538461538464,5.0
1419.0,0.15094339622641509,8.0
1420.0,0.26470588235294118,18.0
1421.0,-0.45238095238095238,-19.0
1422.0,0.20833333333333334,5.0
1423.0,0.28000000000000003,28.0
1424.0,1.0877192982456141,62.0
1425.0,0.86885245901639341,53.0
1426.0,0.0085470085470085479,1.0
1427.0,0.44680851063829785,21.0
1428.0,1.2395833333333333,119.0
1429.0,-0.19480519480519481,-15.0
1430.0,1.2207792207792207,94.0
1431.0,0.30434782608695654,28.0
1432.0,0.76363636363636367,42.0
1433.0,1.0810810810810811,40.0
1434.0,1.0416666666666667,25.0
1435.0,-0.125,-5.0
1436.0,0.78846153846153844,41.0
1437.0,1.0196078431372548,104.0
1438.0,1.2,30.0
1439.0,-0.60624999999999996,-97.0
1440.0,2.2285714285714286,78.0
1441.0,0.4358974358974359,34.0
1442.0,-1.0163934426229508,-124.0
1443.0,0.68055555555555558,49.0
1444.0,0.090909090909090912,11.0
1445.0,0.81818181818181823,9.0
1446.0,0.84126984126984128,53.0
1447.0,1.423728813559322,84.0
1448.0,0.88461538461538458,46.0
1449.0,0.74285714285714288,52.0
1450.0,0.73913043478260865,34.0
1451.0,0.76470588235294112,52.0
1452.0,0.035714285714285712,1.0
1453.0,0.065573770491803282,4.0
1454.0,0.94736842105263153,36.0
1455.0,0.11627906976744186,5.0
1456.0,0.32000000000000001,8.0
1457.0,-0.46590909090909088,-41.0
1458.0,1.5,9.0
1459.0,-0.59183673469387754,-29.0
1460.0,0.52475247524752477,53.0
1461.0,0.5357142857142857,15.0
1462.0,0.91379310344827591,53.0
1463.0,0.40350877192982454,23.0
1464.0,0.671875,43.0
1465.0,0.018181818181818181,2.0
1466.0,0.92307692307692313,60.0
1467.0,1.3771929824561404,157.0
1468.0,-0.72666666666666668,-109.0
1469.0,-0.25862068965517243,-15.0
1470.0,0.80909090909090908,89.0
1471.0,1.1777777777777778,106.0
1472.0,0.043478260869565216,2.0
1473.0,1.8125,29.0
1474.0,0.46153846153846156,24.0
1475.0,0.5714285714285714,12.0
1476.0,-0.44444444444444442,-76.0
1477.0,1.1333333333333333,17.0
1478.0,0.38947368421052631,37.0
1479.0,0.91428571428571426,96.0
1480.0,0.41176470588235292,35.0
1481.0,0.3482142857142857,39.0
1482.0,0.77777777777777779,7.0
1483.0,0.26213592233009708,27.0
1484.0,-0.30337078651685395,-27.0
1485.0,1.1428571428571428,88.0
1486.0,0.18803418803418803,22.0
1487.0,0.89655172413793105,26.0
1488.0,0.98666666666666669,74.0
1489.0,0.51020408163265307,50.0
1490.0,1.411764705882353,120.0
1491.0,0.28421052631578947,27.0
1492.0,-0.2857142857142857,-8.0
1493.0,1.2127659574468086,57.0
1494.0,0.034482758620689655,1.0
1495.0,0.092783505154639179,9.0
1496.0,0.70731707317073167,58.0
1497.0,-0.55555555555555558,-40.0
1498.0,0.46296296296296297,50.0
1499.0,-0.13333333333333333,-4.0
1500.0,1.4722222222222223,53.0
1501.0,1.25,60.0
1502.0,0.29059829059829062,34.0
1503.0,0.12977099236641221,17.0
1504.0,0.75257731958762886,73.0
1505.0,0.13592233009708737,14.0
1506.0,0.63492063492063489,40.0
1507.0,-0.19607843137254902,-20.0
1508.0,0.33333333333333331,15.0
1509.0,-1.3913043478260869,-32.0
1510.0,0.33333333333333331,20.0
1511.0,0.27692307692307694,18.0
1512.0,0.8666666666666667,13.0
1513.0,1.0666666666666667,16.0
1514.0,0.13235294117647059,9.0
1515.0,0.80232558139534882,69.0
1516.0,0.92307692307692313,72.0
1517.0,-0.086956521739130432,-2.0
1518.0,-0.61290322580645162,-19.0
1519.0,0.96052631578947367,73.0
1520.0,1.3114754098360655,80.0
1521.0,0.7678571428571429,43.0
1522.0,-0.019607843137254902,-1.0
1523.0,0.35810810810810811,53.0
1524.0,-0.20833333333333334,-15.0
1525.0,1.1666666666666667,35.0
1526.0,-0.15517241379310345,-18.0
1527.0,1.3855421686746987,115.0
1528.0,0.70370370370370372,76.0
1529.0,0.82432432432432434,61.0
1530.0,0.60810810810810811,45.0
1531.0,1.3135593220338984,155.0
1532.0,0.44444444444444442,24.0
1533.0,0.072463768115942032,5.0
1534.0,1.3095238095238095,55.0
1535.0,2.0,12.0
1536.0,1.1388888888888888,41.0
1537.0,0.77981651376146788,85.0
1538.0,1.263157894736842,24.0
1539.0,1.3846153846153846,18.0
1540.0,1.7647058823529411,30.0
1541.0,0.38461538461538464,15.0
1542.0,-0.066666666666666666,-5.0
1543.0,0.12621359223300971,13.0
1544.0,0.23333333333333334,14.0
1545.0,1.3999999999999999,35.0
1546.0,0.03125,1.0
1547.0,1.2127659574468086,57.0
1548.0,1.173913043478261,27.0
1549.0,0.48936170212765956,46.0
1550.0,0.37681159420289856,26.0
1551.0,0.083333333333333329,5.0
1552.0,0.34210526315789475,26.0
1553.0,0.76190476190476186,16.0
1554.0,0.74358974358974361,29.0
1555.0,0.87179487179487181,68.0
1556.0,-1.2615384615384615,-164.0
1557.0,0.26470588235294118,18.0
1558.0,0.76923076923076927,10.0
1559.0,0.22137404580152673,29.0
1560.0,0.68656716417910446,46.0
1561.0,0.068027210884353748,10.0
1562.0,0.19047619047619047,12.0
1563.0,1.4722222222222223,53.0
1564.0,0.080000000000000002,2.0
1565.0,-0.14754098360655737,-9.0
1566.0,1.0940170940170941,128.0
1567.0,1.3076923076923077,34.0
1568.0,0.77777777777777779,56.0
1569.0,0.97959183673469385,48.0
1570.0,-0.49677419354838709,-77.0
1571.0,0.28846153846153844,15.0
1572.0,0.12,12.0
1573.0,0.30645161290322581,19.0
1574.0,1.1481481481481481,62.0
1575.0,-0.65517241379310343,-19.0
1576.0,-0.47368421052631576,-36.0
1577.0,0.65277777777777779,47.0
1578.0,0.51428571428571423,36.0
1579.0,1.3052631578947369,124.0
1580.0,1.064516129032258,99.0
1581.0,0.23076923076923078,12.0
1582.0,0.2857142857142857,14.0
1583.0,0.58064516129032262,18.0
1584.0,0.80392156862745101,41.0
1585.0,-0.032258064516129031,-3.0
1586.0,0.35999999999999999,27.0
1587.0,1.1414141414141414,113.0
1588.0,0.81632653061224492,80.0
1589.0,-0.22916666666666666,-11.0
1590.0,0.76829268292682928,63.0
1591.0,0.29113924050632911,23.0
1592.0,0.18421052631578946,14.0
1593.0,0.94202898550724634,65.0
1594.0,0.93478260869565222,43.0
1595.0,0.75,24.0
1596.0,0.2857142857142857,20.0
1597.0,-0.038461538461538464,-2.0
1598.0,0.69565217391304346,64.0
1599.0,0.0,0.0
1600.0,-0.55737704918032782,-68.0
1601.0,0.13043478260869565,6.0
1602.0,0.0,0.0
1603.0,1.0625,34.0
1604.0,0.92307692307692313,36.0
1605.0,0.93396226415094341,99.0
1606.0,1.1839999999999999,148.0
1607.0,1.03125,33.0
1608.0,1.6666666666666667,15.0
1609.0,0.23376623376623376,18.0
1610.0,1.0833333333333333,13.0
1611.0,1.2876712328767124,94.0
1612.0,0.32835820895522388,22.0
1613.0,0.59183673469387754,29.0
1614.0,0.3247863247863248,38.0
1615.0,1.196078431372549,61.0
1616.0,1.0208333333333333,49.0
1617.0,0.040816326530612242,2.0
1618.0,0.18181818181818182,2.0
1619.0,1.1875,57.0
1620.0,0.28915662650602408,24.0
1621.0,0.81999999999999995,82.0
1622.0,1.088235294117647,37.0
1623.0,0.33333333333333331,35.0
1624.0,0.79166666666666663,57.0
1625.0,0.066666666666666666,2.0
1626.0,0.5074626865671642,68.0
1627.0,1.3814432989690721,134.0
1628.0,0.12857142857142856,9.0
1629.0,0.81538461538461537,53.0
1630.0,0.83673469387755106,41.0
1631.0,0.43678160919540232,38.0
1632.0,0.41666666666666669,35.0
1633.0,0.16279069767441862,7.0
1634.0,0.28110599078341014,61.0
1635.0,1.2608695652173914,58.0
1636.0,-0.3146067415730337,-28.0
1637.0,-0.48701298701298701,-75.0
1638.0,0.79452054794520544,58.0
1639.0,0.34782608695652173,8.0
1640.0,-0.086206896551724144,-5.0
1641.0,0.4891304347826087,45.0
1642.0,0.35897435897435898,14.0
1643.0,0.91588785046728971,98.0
1644.0,1.0,4.0
1645.0,0.51315789473684215,39.0
1646.0,0.85483870967741937,53.0
1647.0,0.62962962962962965,85.0
1648.0,0.47297297297297297,35.0
1649.0,1.2,6.0
1650.0,0.515625,33.0
1651.0,0.33333333333333331,8.0
1652.0,0.77419354838709675,48.0
1653.0,0.80000000000000004,144.0
1654.0,0.26415094339622641,28.0
1655.0,0.65853658536585369,54.0
1656.0,-0.38235294117647056,-13.0
1657.0,0.90000000000000002,54.0
1658.0,0.86956521739130432,40.0
1659.0,1.1111111111111112,20.0
1660.0,0.4044943820224719,36.0
1661.0,0.9821428571428571,55.0
1662.0,0.94674556213017746,160.0
1663.0,0.8666666666666667,39.0
1664.0,0.93902439024390238,77.0
1665.0,-0.049180327868852458,-3.0
1666.0,0.70491803278688525,43.0
1667.0,1.5384615384615385,20.0
1668.0,1.0,43.0
1669.0,1.625,26.0
1670.0,0.045454545454545456,4.0
1671.0,0.071428571428571425,4.0
1672.0,1.0877192982456141,62.0
1673.0,0.72727272727272729,16.0
1674.0,-0.095238095238095233,-8.0
1675.0,-0.63513513513513509,-47.0
1676.0,0.53164556962025311,42.0
1677.0,0.94545454545454544,52.0
1678.0,0.71134020618556704,69.0
1679.0,1.6868686868686869,167.0
1680.0,0.008130081300813009,1.0
1681.0,0.20270270270270271,15.0
1682.0,0.90909090909090906,20.0
1683.0,0.27272727272727271,6.0
1684.0,0.16666666666666666,10.0
1685.0,0.028571428571428571,1.0
1686.0,0.17073170731707318,14.0
1687.0,1.2432432432432432,92.0
1688.0,0.55882352941176472,19.0
1689.0,1.0487804878048781,43.0
1690.0,1.9090909090909092,63.0
1691.0,0.98181818181818181,54.0
1692.0,0.72631578947368425,69.0
1693.0,-0.30158730158730157,-19.0
1694.0,0.5,11.0
1695.0,0.14864864864864866,11.0
1696.0,1.0,53.0
1697.0,-0.171875,-22.0
1698.0,1.3095238095238095,55.0
1699.0,-0.030303030303030304,-2.0
1700.0,0.7989690721649485,155.0
1701.0,1.375,11.0
1702.0,0.81818181818181823,63.0
1703.0,0.63636363636363635,35.0
1704.0,1.2222222222222223,66.0
1705.0,0.8571428571428571,18.0
1706.0,-0.51219512195121952,-63.0
1707.0,0.55670103092783507,54.0
1708.0,1.3409090909090908,59.0
1709.0,1.125,36.0
1710.0,0.29999999999999999,15.0
1711.0,0.47272727272727272,26.0
1712.0,0.61290322580645162,19.0
1713.0,1.8024691358024691,146.0
1714.0,1.3636363636363635,30.0
1715.0,1.0909090909090908,24.0
1716.0,-0.060606060606060608,-4.0
1717.0,-0.80132450331125826,-121.0
1718.0,-0.02,-1.0
1719.0,1.5217391304347827,140.0
1720.0,0.29213483146067415,26.0
1721.0,1.0909090909090908,24.0
1722.0,0.55555555555555558,30.0
1723.0,0.59701492537313428,40.0
1724.0,0.21348314606741572,19.0
1725.0,0.82352941176470584,42.0
1726.0,0.90476190476190477,19.0
1727.0,0.66666666666666663,6.0
1728.0,-0.14285714285714285,-1.0
1729.0,0.063829787234042548,3.0
1730.0,1.2727272727272727,56.0
1731.0,-0.14141414141414141,-14.0
1732.0,0.43157894736842106,41.0
1733.0,0.0,0.0
1734.0,1.4893617021276595,140.0
1735.0,0.80000000000000004,48.0
1736.0,0.40789473684210525,31.0
1737.0,0.72727272727272729,48.0
1738.0,1.0114942528735633,88.0
1739.0,0.59375,19.0
1740.0,0.65000000000000002,26.0
1741.0,0.32608695652173914,15.0
1742.0,1.1081081081081081,123.0
1743.0,-0.57971014492753625,-80.0
1744.0,0.83333333333333337,55.0
1745.0,0.47499999999999998,19.0
1746.0,1.9411764705882353,33.0
1747.0,0.56603773584905659,90.0
1748.0,0.29333333333333333,44.0
1749.0,0.59055118110236215,75.0
1750.0,1.0097087378640777,104.0
1751.0,0.0,0.0
1752.0,1.0898876404494382,97.0
1753.0,0.90384615384615385,94.0
1754.0,1.1914893617021276,56.0
1755.0,0.4861111111111111,35.0
1756.0,-0.18666666666666668,-14.0
1757.0,-0.10909090909090909,-6.0
1758.0,0.6071428571428571,34.0
1759.0,1.024390243902439,42.0
1760.0,0.63157894736842102,24.0
1761.0,0.76595744680851063,36.0
1762.0,-0.49450549450549453,-45.0
1763.0,0.31034482758620691,9.0
1764.0,0.23809523809523808,15.0
1765.0,-0.20909090909090908,-23.0
1766.0,-0.86046511627906974,-111.0
1767.0,0.46808510638297873,22.0
1768.0,0.91891891891891897,68.0
1769.0,0.64102564102564108,25.0
1770.0,0.43421052631578949,33.0
1771.0,0.92307692307692313,48.0
1772.0,0.125,13.0
1773.0,0.73529411764705888,25.0
1774.0,-0.039215686274509803,-4.0
1775.0,0.69148936170212771,65.0
1776.0,0.48571428571428571,51.0
1777.0,-0.10112359550561797,-9.0
1778.0,1.8571428571428572,13.0
1779.0,-0.066666666666666666,-8.0
1780.0,0.78947368421052633,15.0
1781.0,0.42857142857142855,45.0
1782.0,-0.013888888888888888,-1.0
1783.0,0.32857142857142857,23.0
1784.0,1.4329896907216495,139.0
1785.0,0.076190476190476197,8.0
1786.0,0.53846153846153844,14.0
1787.0,1.1000000000000001,66.0
1788.0,1.1538461538461537,30.0
1789.0,0.98333333333333328,59.0
1790.0,0.58620689655172409,34.0
1791.0,1.1473684210526316,109.0
1792.0,0.21428571428571427,9.0
1793.0,-1.3902439024390243,-57.0
1794.0,0.14414414414414414,16.0
1795.0,1.0232558139534884,44.0
1796.0,1.6190476190476191,68.0
1797.0,1.032258064516129,32.0
1798.0,0.51041666666666663,49.0
1799.0,0.80000000000000004,40.0
1800.0,0.94444444444444442,34.0
1801.0,0.33333333333333331,38.0
1802.0,0.5901639344262295,36.0
1803.0,1.1764705882352942,40.0
1804.0,0.47222222222222221,34.0
1805.0,-0.1889763779527559,-24.0
1806.0,0.32911392405063289,26.0
1807.0,-0.23484848484848486,-31.0
1808.0,0.20689655172413793,18.0
1809.0,-0.4375,-21.0
1810.0,1.2432432432432432,46.0
1811.0,-0.35849056603773582,-38.0
1812.0,0.47727272727272729,42.0
1813.0,0.25,12.0
1814.0,0.88,22.0
1815.0,1.2121212121212122,40.0
1816.0,0.63636363636363635,14.0
1817.0,1.4666666666666666,22.0
1818.0,0.90322580645161288,56.0
1819.0,0.20000000000000001,4.0
1820.0,0.359375,46.0
1821.0,-0.019230769230769232,-1.0
1822.0,0.45454545454545453,10.0
1823.0,0.69512195121951215,57.0
1824.0,0.90000000000000002,18.0
1825.0,1.24,31.0
1826.0,0.660377358490566,35.0
1827.0,1.0,35.0
1828.0,0.35454545454545455,39.0
1829.0,0.59375,19.0
1830.0,0.6333333333333333,19.0
1831.0,0.60479041916167664,101.0
1832.0,0.70270270270270274,26.0
1833.0,0.48780487804878048,20.0
1834.0,0.38461538461538464,5.0
1835.0,0.10000000000000001,4.0
1836.0,1.3098591549295775,93.0
1837.0,1.1176470588235294,76.0
1838.0,1.2432432432432432,92.0
1839.0,1.1333333333333333,17.0
1840.0,0.49056603773584906,26.0
1841.0,-0.86170212765957444,-81.0
1842.0,0.22448979591836735,11.0
1843.0,0.94736842105263153,90.0
1844.0,1.4666666666666666,22.0
1845.0,0.38823529411764707,33.0
1846.0,0.93798449612403101,121.0
1847.0,0.44444444444444442,36.0
1848.0,0.56862745098039214,29.0
1849.0,0.68817204301075274,64.0
1850.0,1.0,6.0
1851.0,-0.20000000000000001,-4.0
1852.0,0.68421052631578949,39.0
1853.0,0.55238095238095242,58.0
1854.0,0.76744186046511631,33.0
1855.0,0.076923076923076927,2.0
1856.0,0.59459459459459463,66.0
1857.0,0.32258064516129031,30.0
1858.0,0.5490196078431373,28.0
1859.0,-0.19852941176470587,-27.0
1860.0,0.38709677419354838,24.0
1861.0,0.33333333333333331,4.0
1862.0,0.30769230769230771,32.0
1863.0,0.41538461538461541,27.0
1864.0,-0.54666666666666663,-82.0
1865.0,0.21428571428571427,6.0
1866.0,0.65454545454545454,72.0
1867.0,0.875,147.0
1868.0,0.37404580152671757,49.0
1869.0,-0.5089285714285714,-57.0
1870.0,0.03125,4.0
1871.0,0.22972972972972974,17.0
1872.0,0.25,3.0
1873.0,0.74193548387096775,46.0
1874.0,0.51923076923076927,27.0
1875.0,0.58208955223880599,39.0
1876.0,0.44444444444444442,8.0
1877.0,0.53125,68.0
1878.0,1.303030303030303,43.0
1879.0,0.51282051282051277,80.0
1880.0,2.1756756756756759,161.0
1881.0,0.12820512820512819,10.0
1882.0,2.0833333333333335,25.0
1883.0,1.4655172413793103,85.0
1884.0,0.89473684210526316,17.0
1885.0,0.51428571428571423,18.0
1886.0,-0.10714285714285714,-6.0
1887.0,0.42592592592592593,23.0
1888.0,1.4375,23.0
1889.0,1.1578947368421053,22.0
1890.0,1.3076923076923077,68.0
1891.0,0.70588235294117652,24.0
1892.0,1.0227272727272727,45.0
1893.0,0.69852941176470584,95.0
1894.0,1.4606741573033708,130.0
1895.0,0.51851851851851849,14.0
1896.0,0.36470588235294116,31.0
1897.0,0.40186915887850466,43.0
1898.0,-0.030303030303030304,-1.0
1899.0,1.6521739130434783,38.0
1900.0,0.93406593406593408,85.0
1901.0,0.54166666666666663,39.0
1902.0,0.8666666666666667,39.0
1903.0,0.52000000000000002,39.0
1904.0,0.40000000000000002,26.0
1905.0,0.55555555555555558,65.0
1906.0,1.935483870967742,60.0
1907.0,0.33333333333333331,12.0
1908.0,1.088235294117647,37.0
1909.0,-0.021276595744680851,-1.0
1910.0,0.0,0.0
1911.0,0.51249999999999996,41.0
1912.0,0.027027027027027029,1.0
1913.0,0.70454545454545459,93.0
1914.0,0.66216216216216217,49.0
1915.0,0.20000000000000001,3.0
1916.0,-0.078947368421052627,-3.0
1917.0,-1.1052631578947369,-42.0
1918.0,0.74193548387096775,46.0
1919.0,0.54838709677419351,51.0
1920.0,0.7865168539325843,70.0
1921.0,1.71875,55.0
1922.0,1.7808219178082192,130.0
1923.0,0.875,28.0
1924.0,0.14432989690721648,14.0
1925.0,1.3333333333333333,20.0
1926.0,0.94366197183098588,67.0
1927.0,1.6470588235294117,28.0
1928.0,1.5833333333333333,76.0
1929.0,-0.31914893617021278,-15.0
1930.0,0.57894736842105265,22.0
1931.0,1.0933333333333333,82.0
1932.0,1.0833333333333333,13.0
1933.0,1.3142857142857143,46.0
1934.0,-0.18300653594771241,-28.0
1935.0,1.1309523809523809,95.0
1936.0,0.80952380952380953,34.0
1937.0,1.0555555555555556,57.0
1938.0,0.0,0.0
1939.0,0.33333333333333331,20.0
1940.0,0.50632911392405067,40.0
1941.0,1.0421052631578946,99.0
1942.0,-0.52791878172588835,-104.0
1943.0,1.0454545454545454,115.0
1944.0,0.75555555555555554,34.0
1945.0,0.63636363636363635,42.0
1946.0,-0.375,-48.0
1947.0,0.083333333333333329,3.0
1948.0,0.38461538461538464,25.0
1949.0,1.3513513513513513,50.0
1950.0,0.14772727272727273,13.0
1951.0,-0.21311475409836064,-13.0
1952.0,0.66666666666666663,84.0
1953.0,0.21739130434782608,5.0
1954.0,0.76595744680851063,72.0
1955.0,1.4591836734693877,143.0
1956.0,0.4823529411764706,41.0
1957.0,0.94999999999999996,38.0
1958.0,0.23076923076923078,18.0
1959.0,0.80000000000000004,20.0
1960.0,0.70967741935483875,66.0
1961.0,-0.46052631578947367,-35.0
1962.0,0.75555555555555554,34.0
1963.0,0.76923076923076927,10.0
1964.0,0.74647887323943662,53.0
1965.0,0.81395348837209303,35.0
1966.0,-0.5855855855855856,-65.0
1967.0,-0.51063829787234039,-24.0
1968.0,0.72289156626506024,60.0
1969.0,0.38983050847457629,23.0
1970.0,0.76190476190476186,32.0
1971.0,0.4854368932038835,50.0
1972.0,-0.5714285714285714,-48.0
1973.0,-0.37795275590551181,-48.0
1974.0,0.84999999999999998,34.0
1975.0,0.70909090909090911,39.0
1976.0,0.20567375886524822,29.0
1977.0,0.42105263157894735,48.0
1978.0,0.5641025641025641,22.0
1979.0,1.0344827586206897,60.0
1980.0,1.0,52.0
1981.0,0.59493670886075944,47.0
1982.0,0.40206185567010311,39.0
1983.0,-0.7567567567567568,-28.0
1984.0,0.76923076923076927,100.0
1985.0,0.68421052631578949,13.0
1986.0,0.13953488372093023,6.0
1987.0,0.82352941176470584,14.0
1988.0,-0.45205479452054792,-33.0
1989.0,0.32773109243697479,39.0
1990.0,0.32500000000000001,13.0
1991.0,0.35365853658536583,29.0
1992.0,0.68888888888888888,31.0
1993.0,0.43478260869565216,20.0
1994.0,0.11688311688311688,9.0
1995.0,0.38356164383561642,28.0
1996.0,-0.14117647058823529,-12.0
1997.0,-0.32283464566929132,-41.0
1998.0,0.40000000000000002,32.0
1999.0,-0.14782608695652175,-17.0
2000.0,1.3636363636363635,15.0
2001.0,0.125,7.0
2002.0,-0.27941176470588236,-19.0
2003.0,-0.352112676056338,-25.0
2004.0,0.27692307692307694,18.0
2005.0,-0.12820512820512819,-20.0
2006.0,-0.19117647058823528,-13.0
2007.0,0.42352941176470588,36.0
2008.0,1.2307692307692308,16.0
2009.0,0.0,0.0
2010.0,0.85365853658536583,35.0
2011.0,0.48148148148148145,26.0
2012.0,1.4210526315789473,27.0
2013.0,0.80769230769230771,21.0
2014.0,0.55140186915887845,59.0
2015.0,1.0217391304347827,47.0
2016.0,-0.74311926605504586,-81.0
2017.0,-0.35714285714285715,-5.0
2018.0,0.18181818181818182,4.0
2019.0,0.6470588235294118,11.0
2020.0,0.71875,23.0
2021.0,1.1626016260162602,143.0
2022.0,1.3333333333333333,8.0
2023.0,0.0,0.0
2024.0,0.55555555555555558,5.0
2025.0,0.59322033898305082,70.0
2026.0,0.78888888888888886,71.0
2027.0,0.5957446808510638,56.0
2028.0,0.5714285714285714,12.0
2029.0,0.63888888888888884,69.0
2030.0,0.73333333333333328,33.0
2031.0,0.92307692307692313,24.0
2032.0,0.14953271028037382,16.0
2033.0,0.28260869565217389,13.0
2034.0,1.0,43.0
2035.0,0.43373493975903615,36.0
2036.0,0.44827586206896552,13.0
2037.0,-0.94545454545454544,-104.0
2038.0,-0.27777777777777779,-5.0
2039.0,1.2375,99.0
2040.0,0.79569892473118276,74.0
2041.0,1.2253521126760563,87.0
2042.0,0.15555555555555556,7.0
2043.0,1.1724137931034482,34.0
2044.0,0.036585365853658534,3.0
2045.0,1.4842105263157894,141.0
2046.0,0.47368421052631576,9.0
2047.0,0.53749999999999998,43.0
2048.0,-0.29487179487179488,-23.0
2049.0,0.296875,19.0
2050.0,-0.13432835820895522,-9.0
2051.0,0.75,15.0
2052.0,-0.35555555555555557,-16.0
2053.0,1.032258064516129,32.0
2054.0,0.068181818181818177,3.0
2055.0,0.29166666666666669,7.0
2056.0,1.375,22.0
2057.0,0.4631578947368421,44.0
2058.0,0.67164179104477617,45.0
2059.0,0.6166666666666667,37.0
2060.0,-0.79000000000000004,-79.0
2061.0,0.037037037037037035,1.0
2062.0,1.25,25.0
2063.0,0.54022988505747127,47.0
2064.0,0.875,42.0
2065.0,-0.064516129032258063,-2.0
2066.0,0.87878787878787878,29.0
2067.0,0.78947368421052633,90.0
2068.0,-0.10909090909090909,-6.0
2069.0,0.61016949152542377,36.0
2070.0,0.37142857142857144,13.0
2071.0,0.72727272727272729,24.0
2072.0,-0.12121212121212122,-12.0
2073.0,0.11965811965811966,14.0
2074.0,-0.52173913043478259,-12.0
2075.0,1.0416666666666667,25.0
2076.0,-0.5714285714285714,-36.0
2077.0,1.5675675675675675,58.0
2078.0,0.083333333333333329,9.0
2079.0,0.17857142857142858,15.0
2080.0,-0.55029585798816572,-93.0
2081.0,0.4823529411764706,41.0
2082.0,0.53658536585365857,22.0
2083.0,-0.22666666666666666,-17.0
2084.0,-1.4444444444444444,-52.0
2085.0,0.55813953488372092,24.0
2086.0,1.0,29.0
2087.0,2.0,20.0
2088.0,1.2727272727272727,14.0
2089.0,0.27472527472527475,25.0
2090.0,1.0,46.0
2091.0,1.0,78.0
2092.0,1.1176470588235294,19.0
2093.0,1.1304347826086956,52.0
2094.0,2.0625,33.0
2095.0,0.92156862745098034,47.0
2096.0,0.71739130434782605,33.0
2097.0,0.6097560975609756,25.0
2098.0,0.51219512195121952,21.0
2099.0,0.98333333333333328,59.0
2100.0,1.3333333333333333,8.0
2101.0,0.6160714285714286,69.0
2102.0,0.80769230769230771,42.0
2103.0,0.68478260869565222,63.0
2104.0,0.90909090909090906,50.0
2105.0,0.021276595744680851,1.0
2106.0,0.049382716049382713,4.0
2107.0,-0.63414634146341464,-78.0
2108.0,0.26470588235294118,27.0
2109.0,1.3999999999999999,7.0
2110.0,0.30526315789473685,29.0
2111.0,-1.0727272727272728,-59.0
2112.0,0.71794871794871795,28.0
2113.0,0.057142857142857141,4.0
2114.0,-0.10638297872340426,-5.0
2115.0,-0.22222222222222221,-30.0
2116.0,0.29999999999999999,3.0
2117.0,0.625,45.0
2118.0,0.9555555555555556,86.0
2119.0,0.90909090909090906,60.0
2120.0,0.58536585365853655,24.0
2121.0,1.4705882352941178,50.0
2122.0,0.72131147540983609,44.0
2123.0,0.66233766233766234,51.0
2124.0,2.1818181818181817,24.0
