index,tfidf_score
980.0,327.78901032900205
680.0,940.52832885715793
549.0,585.4782479440214
827.0,259.74917813866995
270.0,602.75036249968355
402.0,464.78834014991355
500.0,452.85601203488807
369.0,319.64578368092094
321.0,489.81095545610901
644.0,486.29454589538869
801.0,375.07793457708414
656.0,497.71268712790703
1831.0,395.169150690484
882.0,702.44069254968485
283.0,487.29585601802881
774.0,505.53953446435304
667.0,477.75610689797747
351.0,321.55883329181597
67.0,692.21365427235514
548.0,373.69728346251605
383.0,847.47130468893079
1523.0,521.13398137839613
771.0,548.68725084925552
773.0,214.99011106375494
1008.0,302.75932168186682
317.0,494.66995618360335
1798.0,492.44942858728029
664.0,646.24533085701239
1942.0,429.06526278541395
2115.0,671.74948808461511
628.0,802.70208612640681
493.0,578.60744963488207
1807.0,414.75340032327165
2009.0,536.10038801215774
1257.0,558.22687825627304
197.0,969.10968379619362
499.0,671.38180543985959
879.0,685.73951254068857
523.0,331.17473319367144
403.0,615.42204025457318
755.0,667.18233655943618
1089.0,536.48979481259425
286.0,560.52611948099945
1483.0,664.06958558379949
325.0,537.0578515246807
1868.0,459.53441280436232
677.0,849.31097103507477
1841.0,438.88927095531085
1310.0,552.7439939839885
1229.0,274.22576370413066
298.0,564.2877642562014
295.0,721.5959643937739
375.0,1018.309486006745
88.0,700.07583080031316
406.0,286.26486302020555
691.0,587.34558444830452
821.0,694.96344865434105
635.0,555.34361914152259
1504.0,659.88503513490218
313.0,844.32543967184142
545.0,502.71941902304093
1437.0,314.76732630348425
187.0,648.82203830455455
957.0,473.4951117497252
1502.0,587.25497591267958
1339.0,655.81032780836267
1897.0,703.74042650169429
913.0,1191.2848330896129
922.0,397.12905446281383
1187.0,461.50341875083836
1439.0,701.06259371390991
777.0,562.55359701032467
674.0,386.95466330752993
513.0,586.22299207825495
726.0,743.11365797479812
831.0,655.8938567946924
400.0,314.78514272737715
1706.0,537.55300153141025
52.0,414.35729696307965
269.0,481.85940383258793
884.0,512.58435423247636
522.0,713.49564058160547
671.0,497.08087453818797
967.0,518.55706535965533
282.0,613.95020649560956
1491.0,869.03515056112701
976.0,577.6467705383252
508.0,826.74720743482931
209.0,1074.0776180914229
216.0,396.41116107354054
279.0,373.17237697838152
835.0,588.43211112662436
1670.0,387.3436209717795
1465.0,654.66630212439702
156.0,637.93228995882271
571.0,607.25779272
943.0,728.94189638378248
567.0,362.95105380450968
528.0,665.64020780210888
538.0,284.16654344013199
1528.0,391.13931917547723
926.0,594.62323882052272
1914.0,479.14363408747283
1614.0,541.11125442049865
1747.0,453.73913220396815
850.0,807.59014668739235
1273.0,601.63436612082864
35.0,406.0490097972791
819.0,301.37547524522381
428.0,703.57915810832344
188.0,133.61095103957058
1655.0,282.05398447095394
1341.0,309.88959675669469
2027.0,602.29780476201734
284.0,801.35125416665971
660.0,321.10353385320025
928.0,714.20497469984457
806.0,579.83515245233082
2035.0,671.61564614492386
678.0,463.81118321213972
1749.0,497.30864476339895
811.0,637.39973405707735
1893.0,783.53863872768557
300.0,718.75085776894332
1968.0,425.26910257589634
1236.0,523.00774410444649
442.0,719.18426334021763
186.0,609.78190002185431
1097.0,348.49676199023014
1217.0,609.56213008837744
762.0,18.049648060848845
1096.0,250.58102775649411
1498.0,462.26664227647865
869.0,864.17486922451815
1742.0,443.64012286371741
312.0,625.63094260542846
1160.0,703.3239987340221
1075.0,499.81019995082147
1214.0,537.33883426424325
293.0,820.46037482440602
1954.0,598.79052086854847
812.0,344.18634068636641
1.0,479.9703517541966
1496.0,796.74634806475092
834.0,614.56534795651532
374.0,770.29927179261892
551.0,538.90669610735938
1943.0,530.78956291713564
1156.0,525.35387851144833
912.0,242.10770641296739
1406.0,368.84077146147223
1051.0,753.90051008555986
1828.0,650.82941901197239
639.0,504.04095716234838
1379.0,478.27192944174476
1235.0,702.34819013655738
1662.0,986.65430616023013
1476.0,811.18105113215393
795.0,305.77818245559649
1354.0,773.0461768758712
1505.0,785.95065650342519
1559.0,794.96039904226495
299.0,574.30871095771226
1631.0,812.55293355651236
1337.0,431.78290080774923
794.0,538.24314220023609
1345.0,800.8343955080154
1580.0,730.09183618219208
1948.0,536.97650017467333
1794.0,807.99919423020663
1776.0,259.96847455959823
2040.0,466.91145759220115
1636.0,813.5066489624794
1638.0,543.38896135092659
782.0,442.93889548865559
1515.0,630.96381703626514
1222.0,469.98025578833074
706.0,377.96521337530675
236.0,275.51938508381727
1924.0,643.14381435704149
211.0,842.64641038355387
2101.0,211.89067126150942
2063.0,232.83111802658826
1620.0,698.90057876353592
315.0,322.50713562966649
185.0,907.62632914618473
2083.0,956.5209568654742
311.0,1050.5155896602419
1330.0,966.12431622394831
196.0,709.12312743014922
326.0,817.53716311186236
1661.0,843.72968743504123
1468.0,746.84786394515743
876.0,895.90048347905747
824.0,854.51348249552098
224.0,658.97579040680614
1484.0,905.83740207690312
546.0,1129.9121044402987
805.0,452.20059481033104
1623.0,239.26320088424652
1244.0,419.25348427495993
193.0,487.18604041463811
788.0,447.06375390648924
1984.0,189.17647161938243
602.0,312.54828475369982
370.0,658.60163379675362
959.0,307.93257088626189
427.0,608.66404036377207
1991.0,223.06697241605713
385.0,1001.4463087235471
292.0,506.35544590003076
352.0,910.62650198345352
362.0,478.14660928135879
793.0,321.12059692780286
518.0,434.45126974499601
1764.0,425.22588605891326
1958.0,1000.6268285366216
1423.0,761.32991886367336
945.0,709.51987242745702
2072.0,349.83632777850289
348.0,441.56191795081753
1626.0,639.20060565529536
1849.0,796.04319778857632
918.0,749.79137224864303
1999.0,898.73071879303041
1136.0,631.12235999097823
1489.0,756.41962947320462
409.0,653.8931949196965
1524.0,639.76147875317349
1381.0,2.5873473728341785
345.0,267.02538671610745
434.0,714.72487220864207
731.0,565.27779451188576
1335.0,462.41572454323739
253.0,370.69235462943215
1762.0,776.37532140673216
1460.0,915.05062521901675
1976.0,561.25903495319358
334.0,574.18804861591991
85.0,609.0141864215326
1955.0,570.48696725807918
261.0,652.09847556728357
1189.0,297.02382073539843
133.0,766.57476669976973
1503.0,662.9646063659801
758.0,618.0166697392342
579.0,733.83615911699121
1444.0,559.675806577093
1846.0,806.69951421124404
1266.0,709.7212502281501
1101.0,338.90992672927683
328.0,805.47141965858566
1866.0,149.597552563373
1679.0,870.73384568476456
1700.0,519.11130840411067
1409.0,261.52402663069262
690.0,485.29178286941203
405.0,188.12328150814682
1318.0,51.675770019586132
2123.0,570.71035192762315
1342.0,700.45913976980137
1103.0,867.26422975104549
194.0,595.69263863594585
2057.0,222.87390229973974
815.0,664.79244116169548
1117.0,307.64087181240905
1526.0,362.70403757667481
1224.0,387.99248516595674
1781.0,214.78615273909145
1785.0,1016.6246917591812
617.0,1417.9238149657006
1857.0,647.35879777849277
1956.0,790.02234328853456
46.0,510.634541707918
696.0,153.57984938744349
1383.0,284.59139683511427
822.0,189.41934089036667
20.0,597.85787537693409
1641.0,799.00872232603638
802.0,1000.173242789849
940.0,785.80058081568143
430.0,636.59280253378802
333.0,1012.9186249123936
634.0,1230.6978059117598
609.0,963.42627755035016
826.0,671.91036921901843
422.0,1100.6474829957199
1463.0,670.18907848026925
59.0,731.03221716393591
1359.0,566.37586826052598
191.0,637.40379168726281
303.0,689.75421403273003
1934.0,889.34609381274606
180.0,941.20049152951594
1724.0,776.30002438047961
1879.0,1079.3477964650306
932.0,700.77976064380391
1367.0,629.47180365450902
1355.0,1080.1383469396915
410.0,924.66669179972155
1374.0,959.42401562072348
1941.0,760.66729526171821
1276.0,626.84604655102976
1166.0,843.71880890033617
1348.0,619.56428886999265
790.0,648.81051076707558
2026.0,674.18161707659499
1586.0,764.44470212190731
1823.0,244.2087532749652
1394.0,623.46691777788294
1860.0,791.21726760434001
621.0,906.1078921501105
1697.0,943.8788085213132
1401.0,1055.1514182780152
1412.0,527.66514632739006
1838.0,907.87316233910394
1612.0,213.79280992668919
1648.0,1157.0598053349893
1997.0,1.5281290383618686
927.0,751.3502508811049
1919.0,744.57579402825115
1732.0,1292.7954618451088
2032.0,773.24195548997295
1542.0,576.94464808043585
779.0,805.49056597031131
547.0,1093.9032803502341
1600.0,904.85014793355526
87.0,273.68302833896729
516.0,862.24488974186568
838.0,550.56074976807975
1183.0,238.25771207355078
1678.0,679.33699811141764
1913.0,282.08446592080151
380.0,846.40354264063615
797.0,869.09875883438974
1940.0,653.44970397041186
336.0,823.30380441525472
1369.0,104.18000300541225
1900.0,726.69536604298423
389.0,625.5040633095723
1100.0,257.33551761188204
1937.0,297.32976873372223
630.0,514.83053783720823
1053.0,663.67511690121944
139.0,602.46781870523489
796.0,873.26577199624217
1931.0,747.84449871016523
391.0,572.33004422983049
492.0,879.27683132332277
1092.0,704.38296586727608
395.0,301.42756421430784
1219.0,1200.3917653968715
190.0,889.27576708572713
1606.0,447.61756663591285
463.0,222.03627411150418
649.0,681.51613165532524
810.0,637.90371372323523
172.0,353.1654310391578
1132.0,732.99306594976576
163.0,805.58005905926154
954.0,97.611328160223906
2044.0,734.11032280633719
1996.0,889.26725386784005
157.0,199.33236818064074
730.0,658.49986313891793
881.0,79.565357282978127
381.0,545.49960790653847
2015.0,46.89548113285155
825.0,707.32146670278803
578.0,1311.5657578198914
1260.0,894.55338689261123
750.0,108.18592309970695
169.0,105.38521847716922
105.0,370.05165232934127
248.0,939.33072063093266
1753.0,1075.02820703419
972.0,732.81844215927822
401.0,708.88910119662398
359.0,139.01454992276541
324.0,63.419544880612406
251.0,825.1096465519496
506.0,808.74251430523384
1707.0,638.03061181967826
939.0,1168.3987929454072
454.0,415.68221140604993
30.0,889.56029611136887
1653.0,618.11391021271174
665.0,717.1468580169344
114.0,532.2232907895127
166.0,821.91259528094042
2060.0,136.45883479937916
491.0,819.63021650602479
278.0,644.11760089358745
627.0,665.73329721305583
408.0,606.94987375924711
143.0,819.06980508151344
222.0,600.24471121429588
1507.0,576.01425008828892
161.0,107.14122921410268
1731.0,729.54068692015585
1738.0,1020.4233887182896
1568.0,805.60570822085901
2006.0,1395.915204318117
1743.0,1113.0512760008282
1112.0,541.96326247032459
310.0,857.98901818220781
272.0,1073.0926520493827
860.0,490.28850199705448
829.0,797.06803082751037
1812.0,874.29336130309389
1977.0,840.40124717812807
1506.0,534.59683313603364
1110.0,376.12089274481787
561.0,273.42998473943959
160.0,692.99941857580188
280.0,581.71127758732939
2048.0,766.45940951326816
1635.0,283.9775426404629
122.0,286.90731950143567
1123.0,239.73902537968954
1637.0,346.72099065017323
1556.0,421.75669880152481
619.0,844.63126369719703
936.0,435.03927172410124
970.0,220.83586675004602
1351.0,485.33789415924366
688.0,630.71479620493062
1640.0,890.80088989486057
1284.0,966.57838566940404
1360.0,738.91644605904639
873.0,846.72940976046982
676.0,416.5430128435616
235.0,747.49957001705627
294.0,637.73901832515162
1138.0,872.50187540765728
1543.0,716.24934580078161
816.0,256.20495507329798
1634.0,548.50572236066762
2067.0,694.040973276096
1752.0,330.16082901510407
632.0,595.71029071555301
1268.0,384.43637358806984
992.0,956.8035613764531
1768.0,430.99443560144209
1961.0,282.59904748974918
1134.0,398.57688365171646
1611.0,619.96269059878875
322.0,499.69050194127715
159.0,711.74351811087877
1881.0,696.56229820390638
2005.0,612.76245260703945
1789.0,333.90838039000016
145.0,284.61099198284211
1194.0,666.91819484075029
1771.0,803.7758995524091
1190.0,678.87512598455396
2110.0,349.60811035381312
784.0,737.45687919577199
1896.0,270.26774856103327
1587.0,192.85470465896833
1258.0,383.37648139653078
243.0,754.52074432084908
416.0,724.09390382797278
1144.0,815.48644986177624
1899.0,342.2905518497127
1107.0,746.439466829862
307.0,641.10681656982138
1153.0,750.87012725131808
1148.0,360.65694016875841
1467.0,431.93615607303974
1003.0,288.04413390183868
1664.0,592.85470170114991
1230.0,468.74014183007807
1911.0,685.68081537660692
713.0,556.27577827630591
1382.0,704.10609803879117
217.0,589.51623555207914
301.0,335.01951562170456
1596.0,254.81243156076607
1068.0,266.2710106898038
672.0,280.29184541674016
866.0,506.53720201798501
717.0,293.46619753944964
1950.0,219.85200734052165
2029.0,274.83023786040854
1751.0,321.78234334801721
2021.0,523.70762778247661
1038.0,273.55564139199737
1109.0,746.18156173495095
1333.0,449.93720511135729
1989.0,225.15984602136868
226.0,799.38158383602968
1561.0,819.29556909129053
1396.0,1134.2119715552303
1755.0,360.9860301907205
1428.0,625.01137830623418
1497.0,424.66243876163992
503.0,628.10946296750308
461.0,181.34655362532246
1197.0,1124.109829412092
151.0,1336.7365492141712
636.0,250.46094300198362
1058.0,728.57713662304855
1426.0,754.58327662464376
1364.0,274.82209351226493
319.0,687.52354485161982
467.0,805.27302434425837
2103.0,267.14008845259434
1495.0,1002.2994302751133
2007.0,415.51442455803203
1766.0,232.50418701739895
223.0,609.3325368298656
880.0,422.60199408811718
1609.0,1028.1457545884093
2089.0,502.1516901986347
935.0,420.4886620916929
654.0,826.3982856033972
346.0,702.48704295566051
432.0,887.05928987423101
192.0,505.30742272056705
2025.0,432.67689062026386
465.0,626.02915396439869
488.0,1015.1361393839276
711.0,1116.5047894717875
2119.0,174.10569622115878
1481.0,553.11369576482628
1391.0,534.84077505645223
543.0,732.69336897670166
320.0,979.60841552813781
1774.0,690.35578023546748
1744.0,688.98946543536374
1479.0,582.96554194231624
74.0,669.57201565550474
839.0,708.80235574349251
1864.0,618.54602678859794
1457.0,621.70221034163399
1004.0,653.06066773203338
1514.0,216.16995468725617
1413.0,979.13040235370534
1023.0,284.06516100268794
1723.0,94.647044349520186
934.0,241.13415614514292
1870.0,183.6561147452731
429.0,744.98522981774306
1552.0,186.61363211616177
647.0,1051.9046600689162
732.0,898.07315582053536
457.0,827.31016560728688
1770.0,1177.6431093471604
737.0,1484.2453384989399
1572.0,678.67090364757951
361.0,938.74948391450357
1149.0,499.97222799091179
246.0,651.70518068610374
1966.0,222.7311956198651
358.0,497.86875901332672
376.0,344.22510180879749
527.0,659.95363402839712
841.0,596.11789730160183
288.0,307.55830865070931
765.0,358.45244121955284
814.0,786.00678644616335
1592.0,422.89333037541763
167.0,433.27385322190059
399.0,1.5281290383618686
1613.0,550.24685083249244
1632.0,436.74873088018182
1118.0,979.65419701491862
96.0,601.83688706775297
1408.0,697.70113714438423
502.0,530.03125571336398
1384.0,984.44913442202574
1277.0,231.41392622833516
1873.0,232.4311487661578
702.0,716.79223844665125
338.0,327.06571327395744
1593.0,354.10553031541991
1086.0,486.08041849139261
1315.0,808.26093070313766
670.0,863.6301586351517
2079.0,573.75761910688357
462.0,532.00303596722279
1250.0,486.70708185921666
1380.0,597.21982753265388
1871.0,374.62325264212865
1027.0,619.16022922076775
1617.0,541.4441859805454
51.0,657.56685533435439
981.0,477.55025862914243
842.0,171.84081292816944
126.0,260.52583734579758
685.0,716.91670278872914
1404.0,475.06535478893767
123.0,461.45850972361274
387.0,375.86863837669904
591.0,540.97575276939551
574.0,506.10702911300348
651.0,545.02504110858115
435.0,663.26669897015552
950.0,486.74944405231531
231.0,508.04868147956245
748.0,447.71172293794029
116.0,894.59999885917262
1442.0,669.37396648690356
673.0,452.3614189956096
1570.0,484.10699921305792
1035.0,696.51434541800654
81.0,182.07439765290115
1519.0,649.6601864919603
798.0,845.0520373237099
1573.0,426.63916404108619
1799.0,421.71212196149406
448.0,238.83322119485058
1811.0,318.11102074677814
958.0,244.41179044706314
1256.0,613.08832985469951
883.0,589.09934956780796
249.0,850.33459276413168
218.0,317.87580170673192
1748.0,781.66058306800517
817.0,641.14013322066307
669.0,831.23539790889345
189.0,220.93929544196317
377.0,613.08922467050286
533.0,369.19404612390167
931.0,521.36099989968977
1802.0,544.77372004598328
1722.0,798.37243150283746
368.0,1137.4591922575235
1858.0,553.44074746239232
974.0,820.91604200728523
1686.0,132.17395376687753
1178.0,774.18915865329404
2045.0,698.70882176050566
2113.0,845.19569426210489
349.0,1066.486084488449
1890.0,753.37857396732545
475.0,679.46468081406181
2014.0,169.19865279537925
66.0,931.25257854509368
109.0,173.77490435045218
1801.0,616.55582054471961
136.0,606.13789610114509
1368.0,175.77874142412136
517.0,1276.8312357295786
13.0,191.33691975025471
155.0,88.943977484560932
1264.0,738.02427599231078
1314.0,667.35073723030382
1176.0,815.42577955310117
1015.0,147.15068013776812
1087.0,716.6217497488035
820.0,182.3051105899487
681.0,442.01194941095616
70.0,748.01065592820783
296.0,111.24254124303539
1466.0,1253.8923571291416
1078.0,689.72374752408427
260.0,588.83057859265716
53.0,647.54116020376216
1005.0,962.98492173775048
1057.0,634.29171163850242
804.0,205.03724864162854
183.0,626.94751990418536
944.0,1149.2453879033455
633.0,801.39943071892139
1782.0,166.09383019141882
907.0,1215.4195101148625
569.0,422.03088399581043
1719.0,709.29970525341014
449.0,724.87985483755017
606.0,1014.6017297721878
1555.0,759.69201345304111
1338.0,713.93432642442497
1071.0,1030.6404551211567
1566.0,682.99591012600331
56.0,776.83252420325698
1127.0,1090.0733118771316
1139.0,962.03300921835807
1684.0,564.97642175317333
1111.0,1489.4610236526551
438.0,701.08519057488172
1046.0,659.6901484128382
1826.0,270.17394413122167
787.0,656.64046132022145
1645.0,719.14480347702226
414.0,464.83663129772447
18.0,148.58642280010716
1199.0,778.35665664588635
1521.0,667.5212647344672
1666.0,858.57039622855348
529.0,1070.4975809554173
1590.0,535.42879058722906
1527.0,21.107989996168801
1654.0,654.65312455598496
291.0,534.26884938773492
657.0,848.38904747867514
530.0,210.79154642953372
1643.0,332.92608533598195
505.0,619.78874580391619
1288.0,304.63253665140263
875.0,218.28363188663755
1918.0,726.70988694627965
37.0,479.73043603127365
473.0,343.39109787953669
1971.0,251.34679905056879
1223.0,916.16837260205352
2080.0,277.51973026162398
1206.0,275.98439527087237
1945.0,239.39761369965376
1228.0,267.50416758255301
675.0,745.99994999860962
1787.0,550.25053020095754
1577.0,761.95940838790136
355.0,601.77154696680225
1657.0,350.72678481285698
637.0,180.65717232198017
952.0,758.9886843928781
331.0,505.22310854545583
1263.0,434.81216669421224
899.0,183.06473723014767
455.0,668.3462291809509
550.0,229.51371205121615
846.0,386.55517586564395
1140.0,514.78333559406565
1647.0,426.34533409182302
1621.0,1022.8383230918203
908.0,473.28344922341739
1806.0,662.06296714442965
1680.0,515.71407561283252
306.0,809.15030352376903
1191.0,871.58117184980915
1012.0,737.52765926168263
1453.0,623.75102946020195
1320.0,635.86406581855545
285.0,421.93352456887891
29.0,546.80924232580162
118.0,736.0811584825899
36.0,586.70290914389545
1672.0,535.55462661559045
1605.0,244.53212061828341
938.0,262.59591349058735
1402.0,481.96584076572395
287.0,566.13587234490717
1485.0,595.00484263785631
1585.0,395.0372177715048
1239.0,613.51198504395825
532.0,292.41790892479753
1951.0,714.69542454063571
603.0,331.4711893323344
1869.0,808.04597310295378
1578.0,292.56347381023176
721.0,606.11994676343966
776.0,236.39479134594055
1480.0,438.85028266642001
689.0,1105.5353565433538
648.0,423.20538928515458
40.0,363.58789665467049
1574.0,863.90548070915872
453.0,665.86697814068839
1006.0,563.56759492379695
809.0,452.60556347021554
2117.0,952.91484028970933
1615.0,498.39018457901625
759.0,577.6557146769843
1247.0,730.98949157296647
393.0,565.07820997931583
98.0,586.29467945170495
1470.0,627.07024015348134
1088.0,607.09817627903396
1549.0,585.86247119090979
264.0,1167.5525254445781
1386.0,508.34386929530882
43.0,1160.9142243524145
343.0,1229.1227537249936
1246.0,337.54572402591805
2107.0,668.24895906974689
598.0,1032.5475357253347
244.0,620.14955351096819
1695.0,827.53336609444557
728.0,526.5070111052371
1551.0,655.83572753552698
807.0,918.29304384057866
969.0,528.73397323851805
856.0,768.17064933600852
1336.0,452.68399235639981
557.0,464.22592052375558
1625.0,693.25394656803076
58.0,895.44460431945561
682.0,141.04597371519145
1357.0,836.54631947222299
1717.0,114.69299078717077
800.0,545.43819749638533
195.0,888.62841373264757
1877.0,922.7013696691364
1569.0,928.57751057895814
1863.0,820.39995206454432
205.0,824.95608629156789
364.0,712.90822265383258
1946.0,4.9586541854459147
587.0,659.26161265369285
878.0,1261.6623518794088
1349.0,847.16902517563449
684.0,175.49880807311195
1557.0,699.07902114774788
75.0,897.69592362012929
781.0,962.30114393265933
65.0,661.5260379407498
1894.0,448.1601121537733
1105.0,666.68930161831759
1350.0,814.98369320193956
93.0,961.015683478749
694.0,940.81174053826987
2108.0,471.35260543113179
1251.0,730.72514057322462
227.0,853.95943338152995
1448.0,775.76548391718813
335.0,709.42503356332043
1063.0,592.14836951142263
2081.0,966.85168775352133
2001.0,701.21595913423971
536.0,1070.2337994768036
995.0,847.83453295917673
1265.0,240.44655189197363
241.0,899.06371871367412
1804.0,808.67944234170352
1537.0,844.97836761408325
553.0,1477.8786787955119
1843.0,337.5332913947239
1312.0,789.5763252739564
152.0,482.69118926349455
608.0,1020.8580104028688
1346.0,216.50629474928704
62.0,368.8523748085276
305.0,939.59256698966749
1365.0,998.77451772432937
1389.0,180.62709219318705
2104.0,164.4856179293489
1624.0,826.18923368632898
659.0,742.7853239491144
1099.0,548.91487268523622
271.0,732.48554376659968
1065.0,720.46654207967697
27.0,455.82424009993281
1451.0,303.90478332743021
1181.0,208.93370397647323
1820.0,678.24384495576192
1041.0,598.77289963259716
1875.0,436.52884202865755
1973.0,285.57860095380272
392.0,971.02818991762535
1710.0,505.39361055124937
179.0,379.1606738523958
1143.0,305.06665440141722
1975.0,577.22043521344688
1209.0,581.28853743943716
620.0,660.61041622672758
466.0,616.37743286451962
228.0,316.83327604509481
221.0,553.55667453017838
1702.0,789.92500840937328
2106.0,299.5676915835723
1028.0,632.38083337109936
1067.0,204.55827230286079
382.0,342.8947509280589
94.0,324.20945700397715
356.0,759.08728907097213
2039.0,584.72426147711326
433.0,453.60879931113044
290.0,946.6290093647309
121.0,206.58514091971034
281.0,131.8216112043084
734.0,395.32436278369909
925.0,777.33210868277968
1340.0,390.45524631974365
1198.0,686.42717819456425
661.0,899.3585856249407
1186.0,579.72358465870957
1146.0,657.53928915976417
862.0,1121.97195446817
1114.0,749.53960526138724
225.0,808.84178508041907
175.0,1232.1355799512323
1994.0,709.92680561307975
426.0,1016.4418144107257
1960.0,404.22568466093117
297.0,332.95224207458602
1033.0,547.62914822779294
497.0,120.42994103116934
1151.0,518.38525897853788
1417.0,394.36064270247613
988.0,200.05552001094017
1242.0,406.09185129830212
1397.0,516.44903547573824
768.0,364.31022721301895
663.0,365.59673190764181
302.0,265.93367124493824
521.0,518.35742539403418
1571.0,500.62009323618094
135.0,678.99187266235788
339.0,482.26209858993371
965.0,590.79694563376006
961.0,372.18457970152622
495.0,527.09352514861973
1313.0,401.99415046752688
2095.0,386.01273562840476
1254.0,535.36325094124902
733.0,697.76092778605027
919.0,676.49930349670012
1125.0,415.39358998876952
309.0,517.6482861893312
1847.0,582.37957408786144
1449.0,935.37736492118461
1598.0,1041.5223669492364
535.0,445.70962750469948
1529.0,280.22824155559113
2105.0,159.96584171616288
1687.0,619.49009848050071
1720.0,877.23569483063477
778.0,623.70179953750267
1511.0,262.7635995456958
446.0,553.39755502103094
699.0,1033.6950808369966
304.0,438.61984932351129
917.0,346.43974665804944
585.0,635.39449352539634
534.0,974.91525140523709
386.0,828.70997902638942
245.0,962.57590443089839
1709.0,538.711844207274
2096.0,357.62549384898392
1407.0,708.29353347659719
641.0,840.99146559331746
857.0,509.9594703855031
1486.0,739.89329998391941
1676.0,748.29793574536302
1147.0,779.75105252929927
39.0,60.08068166544227
1270.0,670.34544961916799
1158.0,804.1949028904736
1601.0,846.88288135882794
1901.0,289.37725681134583
1583.0,582.82556141157409
1261.0,982.52013126518398
144.0,698.87991421578522
1784.0,881.43233270901703
1282.0,507.8533821832284
1323.0,122.00945340111788
84.0,594.80405787574909
1225.0,407.23178656681989
746.0,716.05138021834614
623.0,496.71077406667206
615.0,679.43340588873866
450.0,502.07313874180636
1853.0,812.26337396270912
1998.0,278.40418865552954
127.0,172.9662131010156
1579.0,1049.7972866172806
129.0,710.62519916878841
511.0,891.29209117650896
239.0,560.12208557967494
1660.0,625.07181050486838
1052.0,143.59070055392914
207.0,528.24443782143248
1675.0,544.77548142198941
1431.0,625.24852510688868
2003.0,258.5345942502363
1681.0,1013.1471976715119
95.0,273.42461099207037
769.0,660.61967591896178
1550.0,778.93427561727435
394.0,155.53881478745004
2078.0,806.28423182587517
642.0,600.13699089469083
752.0,706.7951647043318
1398.0,301.43474347581054
1488.0,1003.7552883380147
1441.0,311.56658478490169
2049.0,315.89908668241117
1777.0,304.81613090755928
4.0,1542.0590424542586
344.0,720.48359685764308
1905.0,400.2833453335187
113.0,479.86908206532559
568.0,318.79829013291254
714.0,515.62888658175257
106.0,206.27490782802886
1474.0,565.83525357043277
2069.0,627.4529009332075
396.0,339.93067477305055
973.0,438.00524283049947
1115.0,504.43038248996749
1297.0,773.92219998952976
1009.0,547.60044397317654
1852.0,575.89873470871908
140.0,652.99760833284097
1425.0,537.96479564257424
1737.0,279.85461377874378
847.0,312.29010307351848
1982.0,440.11809895565551
1050.0,512.2182537185663
277.0,519.64682842136119
1602.0,531.30775437114244
1098.0,762.72190899445991
583.0,741.89931086050842
1980.0,699.63012391977281
1536.0,666.82791154798952
1520.0,442.65199308630372
558.0,1160.257708148871
440.0,599.37140530103659
262.0,540.93305050624542
1334.0,512.5416327518227
744.0,672.32624320749596
948.0,482.59135547382101
101.0,396.25826213009327
2122.0,701.33410105980613
1259.0,507.10048037264875
1376.0,183.14065011009785
1170.0,248.21218106910129
471.0,476.06875223615998
818.0,437.31611311630758
1328.0,306.85116953155512
901.0,484.22856478360404
1708.0,740.19755434796718
476.0,342.53873456794446
616.0,414.3750544104829
658.0,414.72247426247588
1047.0,722.79228239983672
91.0,638.60127661001172
1972.0,315.6417937973518
1155.0,481.70785613407793
55.0,424.37881604506401
64.0,576.31066788572127
738.0,628.6375338604629
1883.0,161.30570340238972
767.0,713.55180041638414
73.0,565.40685639599781
770.0,488.90634259833098
2.0,757.50640750439732
1177.0,411.82797845966121
867.0,494.76136617002987
1969.0,645.18573733132314
1306.0,516.73997444171289
1043.0,583.42751153159475
2118.0,401.29946970317803
531.0,485.69910481602619
942.0,693.49782446424024
1471.0,588.47448097857603
1935.0,573.29012517640376
911.0,286.82926378163336
415.0,597.87681018486023
855.0,932.82318787650559
1291.0,608.72512253651951
1395.0,820.69396476125326
1249.0,214.33264290876065
1916.0,351.05124663794288
2102.0,273.21058528569716
117.0,699.51947870728338
877.0,752.739659006804
1094.0,129.38041224909688
1424.0,99.537763112565855
31.0,361.20413007830808
1591.0,489.81598919325131
764.0,653.30825827186163
86.0,305.63149246072703
1725.0,646.96120923189835
854.0,217.50949393076198
323.0,638.03625445947137
1032.0,760.03557923050482
1832.0,180.31041111013286
397.0,509.09804171003583
994.0,695.5773711101981
1926.0,208.96206439491098
1490.0,207.01810080902484
1576.0,212.87500415536741
1736.0,941.98393871925794
1237.0,523.08236775538398
162.0,415.31169760882801
238.0,700.54532789584925
1974.0,68.080321767349957
1373.0,296.57838470201312
580.0,193.75975854627973
1048.0,454.50556646241603
2041.0,159.25712178506922
347.0,115.80025982985804
1862.0,181.07637880500903
1981.0,726.13739159255272
1393.0,701.23891558980461
1718.0,665.51876898162072
1173.0,1100.8686828332843
1531.0,189.1178978697306
259.0,554.19706298139556
240.0,819.09468576552581
1765.0,101.47098407637741
1271.0,579.66573464793646
1750.0,428.95773184568088
289.0,950.87827870022591
2073.0,954.0962232130347
743.0,597.40806128279826
987.0,647.50826212131608
1791.0,821.69922602710517
1036.0,862.49117700093984
1944.0,199.66408016389337
232.0,855.50704234067587
2010.0,156.37403153270986
1157.0,655.16735609019258
766.0,407.39817270290695
679.0,764.74705857333458
1805.0,397.41814374109543
50.0,757.36580300628611
760.0,786.45730557795105
71.0,694.79389921489701
237.0,791.22837706137739
1544.0,327.43329853489314
42.0,631.1574202736399
1192.0,599.88565194620617
960.0,532.48846410144336
247.0,853.8284886895882
1885.0,729.08849897174559
1597.0,519.37471738392242
2071.0,267.20154609364789
1904.0,261.44283008343132
1856.0,383.8033935106576
34.0,782.89678121580653
1530.0,490.75188529158333
1287.0,623.65124529500883
1627.0,486.89097496415684
2058.0,694.90513508706431
474.0,525.42289274107213
1845.0,446.52096672769562
57.0,456.60685479239038
1646.0,378.48249632948989
1430.0,812.75927797707664
1091.0,506.09260811966988
2099.0,773.45117317008305
859.0,471.79504283754403
629.0,876.29997920379219
921.0,311.98508183022534
525.0,775.94882324814625
1462.0,694.89728547928655
48.0,677.93475753254802
2077.0,376.72210063063676
1309.0,280.80732041730806
1253.0,642.45646900469387
329.0,765.53947058887763
2076.0,426.63603334293879
1317.0,633.63635788023964
1988.0,615.55320777470217
712.0,763.24116550940357
565.0,734.04354397965312
1616.0,321.5675408989452
1779.0,628.08366836279902
1343.0,513.31577245819881
2091.0,764.15051679875353
840.0,342.65158381582756
1711.0,587.78336472930505
22.0,936.90345557093042
437.0,565.15194915122447
1329.0,615.25242844909849
1478.0,444.80562957093395
887.0,942.31886039529945
993.0,374.98165743108103
1928.0,376.04053018939527
736.0,376.0530146396078
1735.0,186.11123653910462
366.0,309.27704735671847
792.0,838.26896881766766
597.0,486.93387417077679
964.0,238.21862146569265
626.0,349.7382158387037
1255.0,592.935834347222
173.0,187.35150056984324
2070.0,463.11130750136925
1692.0,571.56847553143109
404.0,217.63349142167425
586.0,453.86934004499545
1429.0,701.43776964564086
103.0,585.24164183316589
595.0,706.24154388378156
1010.0,250.85793380152157
1920.0,424.87869382954017
146.0,645.40872314462683
929.0,473.52644142324061
1516.0,825.74796192147062
165.0,72.043674022351212
1221.0,229.96970772083998
996.0,634.00410019826506
77.0,1033.2262084480094
138.0,356.74143181750526
44.0,864.83781734332342
168.0,769.1174069042512
1588.0,672.7694863511731
41.0,560.21519132963033
33.0,177.68327834624574
739.0,770.21691477042123
692.0,501.2594371045185
906.0,352.48791029710588
526.0,754.26333684156225
1607.0,634.71955105239579
411.0,692.11538617074712
695.0,508.17432215585575
1307.0,263.72665117164343
1300.0,156.8598237775054
1783.0,258.69952246252507
1116.0,202.25364121797384
388.0,430.06370979482404
581.0,683.44451837399868
1002.0,377.8437432360476
147.0,295.92932607328288
1599.0,642.04227469081968
570.0,305.65184736544609
1760.0,266.17552918446245
1581.0,512.32065864666674
1761.0,300.22270691540285
1560.0,941.94484457383726
783.0,345.36366984172793
963.0,428.31543727492448
314.0,953.50007964187603
1347.0,205.32017067001735
903.0,818.1779963303926
780.0,232.35051061588518
1729.0,538.12405410690144
1772.0,917.80159726806221
1128.0,684.61110509968512
148.0,852.74771082072459
1562.0,613.71276902278032
1730.0,460.30355024379315
486.0,418.19210860252792
1076.0,683.31973609762508
125.0,1081.8982413573774
1939.0,762.25692883845227
1671.0,108.28438187950235
1797.0,392.87036223223515
625.0,210.4441819584253
21.0,8.9589740449455242
2002.0,930.68353022723659
1472.0,957.17690735601059
1584.0,574.33203944608533
1001.0,401.43871154316724
1119.0,669.82260445120642
254.0,243.63309618700049
1769.0,419.39595863816402
83.0,627.28026349428421
889.0,448.65317583314442
897.0,897.01633789218783
910.0,279.28715095971552
1665.0,663.47889046616717
1042.0,665.79638627400971
1403.0,212.80914446991355
893.0,580.10897617959847
1652.0,723.90939835485608
729.0,654.02035441964449
985.0,456.45229382960986
1978.0,551.67123583684224
342.0,623.95554264943416
724.0,544.41657003785565
1152.0,710.45534887937674
80.0,1129.9970908741411
1011.0,766.69953874483076
1212.0,593.74668873586745
1000.0,808.16777751622556
1411.0,614.61866502649639
273.0,351.5786162770184
1420.0,679.26571331679168
933.0,702.04089861402008
1070.0,652.22868458668324
772.0,862.71907871374458
1200.0,504.89248452391303
1501.0,774.06204278618395
600.0,427.4531827396728
946.0,615.36451363112849
1016.0,567.74231961907219
481.0,348.91704307765787
210.0,969.2584578983782
596.0,336.67641868751571
1133.0,496.53735872551698
15.0,838.45738052718264
1650.0,727.66158407959085
851.0,170.27587090906371
519.0,466.98226552360381
718.0,233.12741779553826
1267.0,435.82280686442198
2098.0,614.38969507398883
1995.0,252.08399767217094
991.0,777.98359120766099
153.0,345.11879742621596
1370.0,310.60924433982188
1594.0,556.91224431031492
60.0,687.05675007173659
514.0,253.91681840075927
1745.0,55.642875543334917
953.0,580.84350742060201
1952.0,189.72848906751264
1902.0,330.21860198939493
1195.0,295.68549106466844
898.0,407.92707135615279
552.0,298.41444036098858
137.0,599.7140016182633
1808.0,331.04427926715476
447.0,288.24212122406669
763.0,533.46716865846156
1859.0,488.14696380291042
1545.0,145.14163157979334
555.0,307.82169386723518
11.0,399.03025348700606
1809.0,459.59808335104179
2042.0,583.90980689797027
120.0,534.0536805255125
82.0,137.77823094439898
1837.0,551.91532833102372
2082.0,1084.3285806195081
951.0,468.61664719629164
2037.0,651.0717674053335
1275.0,624.22238343077902
1628.0,701.47652504743246
1040.0,724.99523154462418
25.0,226.79116562574296
26.0,550.53009397326014
2033.0,857.93758706179392
1698.0,324.99279415452401
1124.0,672.12820577779041
407.0,138.3124075860172
1062.0,383.92265618571741
2093.0,614.01809808292626
8.0,299.73201702648464
1037.0,234.44002961043159
1595.0,323.35075837376871
1301.0,288.63944895450874
2004.0,591.82159970239491
2120.0,548.32217734118376
14.0,905.97271434236484
201.0,480.20166672228322
1167.0,259.39304469220912
1126.0,756.73185748898845
599.0,595.35446763508969
582.0,871.47978594112737
9.0,660.2452596622345
577.0,924.4804701337232
1045.0,695.96600589592094
425.0,1048.0807838568296
256.0,635.0339985847321
1410.0,964.67233506481728
2050.0,856.11420139809388
1022.0,549.68753823025577
605.0,304.54780112198068
1674.0,921.57708465733606
830.0,649.18426457011083
1013.0,527.50873973023238
1957.0,838.04759229060426
900.0,657.20054444752725
742.0,655.04833827596906
1813.0,778.7710770146291
79.0,114.01333229044344
1030.0,241.74897167831176
1693.0,928.11694336082576
2053.0,840.70787161418912
1331.0,377.42536481755587
142.0,659.50035166429086
1909.0,382.97576657072187
983.0,843.92889466414772
703.0,777.96563969541262
102.0,296.8278091209196
2011.0,284.03519235535424
154.0,333.31578929538608
212.0,751.46315116005951
16.0,648.02995380679477
588.0,334.37146393538757
1019.0,840.84366239534438
1836.0,702.83673005724529
592.0,822.97019958029739
1182.0,503.71905296348268
63.0,125.39756342368278
727.0,146.38320755234935
1970.0,573.7790944656731
1699.0,839.79401338947275
1446.0,354.79428450978293
1135.0,593.56231935314645
813.0,224.7616843105811
1538.0,215.2274736317882
176.0,930.87560347070917
472.0,723.86738985724185
1589.0,873.56387291336682
1311.0,761.89932016763578
1279.0,848.11271363266462
171.0,727.78963500824
2052.0,393.36170817155488
1436.0,664.16570218412755
686.0,263.78093214183497
5.0,266.40694289495104
786.0,648.01203416968417
1447.0,260.16166154899861
119.0,745.37693594238704
2030.0,402.78146863219285
1629.0,571.72165217141116
1172.0,833.54132390129314
233.0,580.60722243145403
132.0,755.45954197898664
69.0,627.13097626651302
593.0,605.69875288516312
1677.0,445.17436824567022
1226.0,457.63239707953477
1688.0,830.34439386282281
1305.0,670.23966012999097
45.0,516.47018180442421
1886.0,718.99861583330107
1658.0,1.5281290383618686
1400.0,934.32774206351678
1887.0,616.67703227199922
1130.0,728.8352905248538
1252.0,860.54560283004093
843.0,485.19087530150011
1414.0,511.50907022514633
2097.0,829.92273164405572
1082.0,740.85023512361283
1663.0,455.1950082654144
1175.0,226.12346642757205
104.0,316.75327402173656
868.0,627.55507396136124
6.0,99.70556130001745
1754.0,258.25011720504915
785.0,510.28116043945818
761.0,409.2732549467537
1510.0,329.31565392397295
604.0,882.78833667305776
198.0,578.82110185428542
1833.0,598.78571569168537
1815.0,751.97545096556689
2059.0,422.05888106909191
1464.0,755.14767166338356
1563.0,541.18547490202764
489.0,554.26639819226705
1243.0,608.14494181731243
808.0,437.94670271063205
1756.0,364.51735241895761
601.0,278.08605825949155
353.0,351.2517210525329
2047.0,465.06363806085398
202.0,1051.3208447730444
2111.0,197.05122552448918
2016.0,1033.041374715579
1696.0,242.07039758397315
1129.0,604.814377925808
1780.0,714.09615927942627
914.0,428.74841613404368
1399.0,863.52884493243948
1159.0,163.40381153442974
134.0,472.15847588515328
1848.0,463.96621973879792
174.0,653.75511086012614
1741.0,622.63052843026253
1007.0,334.46062000571084
653.0,646.20052096861048
220.0,368.92714611212546
1992.0,672.20543640375161
1604.0,283.18207598604221
999.0,274.33768210857107
1713.0,296.5630105922184
1757.0,742.34717652881102
47.0,64.867181242361525
754.0,348.79512385419213
923.0,869.96872335419641
990.0,372.38644325746441
1432.0,552.8472124148193
1020.0,844.35609689898297
1565.0,450.92394694007953
566.0,987.20063753793499
848.0,700.66619098577053
1810.0,762.88581239134089
1281.0,900.70972078999239
1633.0,375.12123404362109
1734.0,665.58297682777959
423.0,582.79912985693613
719.0,520.71710729832273
214.0,264.54830494096888
1818.0,601.61346690790367
563.0,203.0737674487639
520.0,929.98062137582065
469.0,191.98546060361829
164.0,547.93553330318457
443.0,743.87181068784571
1619.0,667.6312438533264
1205.0,745.39995988230055
1796.0,187.4896790696456
28.0,1096.6267718715453
1095.0,898.26154023695563
1443.0,670.11162534581365
1682.0,615.84864454869592
1903.0,230.74788907528267
1216.0,605.09417904456552
1269.0,876.05741249692198
610.0,575.54445502248745
1145.0,1007.7179748410433
725.0,276.53915373932642
1541.0,281.59240018107357
124.0,190.60474361128573
215.0,750.69571391092984
1180.0,940.3476496641797
2031.0,755.08505602263233
496.0,947.88083821454222
1031.0,312.59300982603378
1964.0,405.61227048230018
1867.0,508.17016325821419
756.0,1048.2627255825512
562.0,864.1637176804154
512.0,1055.3931253785033
1427.0,927.93231696963596
668.0,788.29517334815819
735.0,795.2968199735916
421.0,311.26833874926319
1792.0,317.91094040171163
611.0,452.59294838138356
515.0,620.14116311077066
1241.0,152.14274034318277
200.0,308.65933858563142
1227.0,741.44835397420502
1965.0,917.87055681175229
431.0,538.57348377643109
384.0,254.09824188959638
509.0,308.01770502524698
909.0,713.47821521241349
1077.0,596.51752251043547
32.0,692.08983088054856
1026.0,395.57631077397423
1880.0,1167.7931453333711
1987.0,873.89101815646643
1758.0,292.44862654261101
1025.0,853.32354958283327
78.0,690.02066972033833
1039.0,977.33303457832403
1821.0,621.668537088785
2064.0,557.05750883864391
1421.0,570.87902526136509
1295.0,396.89565099041533
1106.0,243.75379322049591
949.0,284.8173034408959
2112.0,28.853639325936982
892.0,596.59987862404171
107.0,651.99769174117307
2085.0,470.84424233446424
1500.0,109.68966642136357
1547.0,283.32871643602846
1840.0,426.09645767886354
885.0,827.95888032200628
1392.0,775.76902340921515
1683.0,560.89042693207523
904.0,497.9122061351232
1912.0,280.90734872928925
1238.0,405.48116909278343
1044.0,228.99115888722113
1554.0,664.81687555803705
982.0,607.00608056233773
1759.0,661.77983148852468
1917.0,738.5905921312883
1304.0,315.30645381039716
445.0,400.41456914621517
1108.0,696.07904778405373
68.0,781.82585417218797
1532.0,656.56497327855288
89.0,159.20480830848399
1014.0,926.72871350228002
1927.0,529.20001769962573
1522.0,755.489766573064
872.0,524.34108051998385
12.0,450.74449117234974
745.0,176.89437843973576
890.0,437.29845077417775
1775.0,695.57400088453198
1385.0,358.42319635591986
1874.0,792.77645322793546
1922.0,658.74273389544089
1232.0,713.62736771747086
1786.0,625.9001295356876
100.0,735.42194276447674
874.0,712.32193353731031
1979.0,667.13563694004108
1967.0,309.82941190764967
1793.0,574.56793082975605
267.0,682.67737659076647
2086.0,668.36281966829029
92.0,609.63122740782092
72.0,920.84657280032911
2090.0,529.85383182802468
723.0,366.46202204532324
905.0,614.70277070221675
1878.0,520.03675467026721
441.0,670.0323691794257
1716.0,835.88730785336975
1322.0,767.17744830205038
1703.0,536.73033396454423
1122.0,468.6985320225574
1908.0,690.03465357889525
1630.0,578.43111745054432
460.0,730.4566761221796
1358.0,726.27514013572443
1993.0,503.21290637545047
852.0,488.34747907267882
1923.0,760.22710569462265
1131.0,559.45907746729142
177.0,622.44112575900658
1207.0,530.5199203979322
1933.0,827.13027711349355
1356.0,615.0743255680751
2020.0,597.75844508773162
2018.0,370.32973946742533
1141.0,440.36485811536608
412.0,670.47499353675619
1163.0,816.31147583451116
1162.0,534.77446697401967
594.0,134.65395205306959
1469.0,748.96075388705879
10.0,225.69237638295556
1161.0,773.38338661146247
584.0,829.55106617250635
19.0,729.53726170596838
90.0,971.79198527497545
1461.0,666.27363749945869
902.0,550.1812303697958
1767.0,722.14691661178051
234.0,139.82437941679069
1603.0,430.62381830111627
373.0,907.89217542280289
2068.0,676.59915123598807
624.0,316.47990539137447
1452.0,897.04765760486828
833.0,647.60085802708431
150.0,659.93480021504797
1689.0,877.7410644262261
1582.0,556.6951548763534
895.0,495.78842048002292
1433.0,463.41015712900452
894.0,383.43747569475312
757.0,924.57642581459368
97.0,729.45063578824249
266.0,435.12792092018037
1691.0,775.13201966330735
1061.0,783.85959954235693
494.0,918.84708390898459
468.0,782.7854268876165
560.0,918.68506746961634
1567.0,271.24153312834738
930.0,778.32591211658905
1188.0,847.39521744489014
1898.0,290.9830942924882
1375.0,688.09078930645262
576.0,62.794782778005583
357.0,693.04591034361283
1824.0,554.27478774340341
1196.0,677.11188321103066
2043.0,829.41039260254786
1262.0,57.034900253393623
1435.0,505.45081543101645
1055.0,214.93679388951372
715.0,515.97852460760055
219.0,802.50260228654463
1169.0,689.93742178401646
456.0,965.68671363956855
1272.0,308.98842951651392
1459.0,680.28814753341044
128.0,458.05687084984413
1763.0,100.90980580058331
420.0,608.737879570117
924.0,903.5892749408805
1215.0,930.15950920913804
1285.0,454.45713724822616
556.0,762.3688250182588
141.0,517.44805038279003
704.0,691.70324873399284
864.0,240.01882084326471
1154.0,331.13790431800265
1024.0,158.56288616850304
464.0,988.22876598582525
1892.0,522.11656557579113
989.0,670.91993061313599
1953.0,326.46147516583227
1983.0,483.90212366909185
250.0,608.37428866291646
775.0,615.76292613873443
828.0,460.3448924392406
1274.0,825.67987014441678
477.0,861.14802702754537
1450.0,674.64807392223122
1366.0,607.3980419940375
451.0,428.72511634532697
1363.0,402.64964219859883
886.0,694.85902084283373
698.0,284.26723322726048
1947.0,706.39020488792664
749.0,620.59562264348472
38.0,459.95797318970853
1668.0,366.70770355802239
1298.0,313.51977949053901
1293.0,362.06870295349387
439.0,542.98892466611164
1422.0,481.28313303749366
1854.0,193.0695849131184
0.0,662.78436578151127
1113.0,446.62408868756842
575.0,830.65576936860487
1673.0,490.83137773557496
1865.0,472.16714206674203
1319.0,860.86416423018738
865.0,71.169342602890822
2114.0,638.80521074670094
1990.0,383.82837071040609
1326.0,263.95113482577705
1816.0,253.73029722416942
184.0,1018.4997164256432
485.0,804.41577485603557
1150.0,589.68199913715682
17.0,617.49093317303971
213.0,643.26851346584567
115.0,548.75872438645206
7.0,283.06156484742354
984.0,440.01889714862284
613.0,282.67619858139614
1509.0,250.95072416622091
618.0,384.32042836574448
858.0,659.39269274090248
1416.0,571.71358447765283
1622.0,696.89461678972407
978.0,620.40139053557141
2034.0,277.29660843335313
1029.0,708.08417405486693
1830.0,740.0881359241846
1553.0,842.09863298519042
76.0,577.56300733386524
61.0,254.42103469731305
1690.0,119.0083040420045
1499.0,175.977352706407
204.0,526.15608092274465
998.0,523.79926346133436
1137.0,794.38910169913663
977.0,828.46319112579374
1508.0,3.6465657073064883
1286.0,435.06235866511878
112.0,545.57273672714234
1575.0,574.34295463578485
1165.0,598.78130805984722
1656.0,793.94955189722009
1513.0,202.91745803045475
1518.0,291.26964974936931
206.0,442.82925372984198
1303.0,945.21534962522367
265.0,791.6990440191513
559.0,744.18325405176847
1021.0,502.13708854877444
158.0,168.92530531636245
1210.0,971.32204183410636
1064.0,709.45600795185055
2013.0,961.30498716009049
853.0,566.93401070876575
979.0,757.75638307270742
1930.0,774.26411477287797
700.0,806.6693032322903
1344.0,452.69620287047474
1907.0,755.18717583991418
844.0,447.97556497195023
24.0,439.05173464061266
975.0,414.46368952891925
350.0,399.28136689243894
108.0,529.92517497813537
1213.0,529.46998582245237
1324.0,870.42738217731528
861.0,346.83504503112573
2061.0,885.50757714023541
1795.0,568.61625832895231
1296.0,750.25734993254628
1800.0,371.7724941166307
1891.0,773.80968494092065
341.0,518.98607415324523
242.0,737.00705885460309
1361.0,769.35762307078369
1080.0,525.58096608949757
1456.0,225.93381071697235
1790.0,744.38704396705953
1825.0,394.34467940144731
1208.0,920.2919892272123
1294.0,603.34224758721132
2094.0,31.770901105596721
2116.0,550.09815008073895
482.0,446.33195779595951
751.0,852.28368370127237
1525.0,697.84501655863028
747.0,532.68134670779546
1740.0,614.46645990097466
1642.0,850.66910887756296
1844.0,391.95514388289837
941.0,682.97450920925564
1327.0,190.277047369565
1299.0,770.76933059589351
470.0,296.20475442838637
418.0,565.54611829553221
1049.0,421.731866763933
54.0,388.23690208360745
849.0,920.30435016234742
1534.0,298.77668591949345
452.0,429.07550833684564
275.0,521.61454651534461
1962.0,1150.7329526220856
1685.0,712.10028554976691
99.0,297.7395904347365
539.0,703.56018703024824
1362.0,708.27324230935642
417.0,242.57821341999434
1842.0,652.04055638089392
2121.0,564.65257441383778
1540.0,675.84294091101322
1454.0,1134.2028541004445
1712.0,499.79250312256261
1714.0,497.43035925274393
444.0,436.15799118806626
332.0,711.54401112719938
111.0,789.37258524975471
1493.0,481.86628834816133
1829.0,274.65539488532033
1546.0,451.88805582134853
1142.0,322.93084105718521
480.0,240.993115855436
915.0,433.58752679144277
997.0,225.06846523017236
1245.0,645.296382535514
955.0,410.422418411477
1434.0,185.57610709226475
2066.0,833.79558561097497
707.0,352.88696129589846
1721.0,296.09314358758604
2074.0,693.43766649625422
1492.0,251.53348425403965
708.0,931.48674858673701
178.0,281.20078745882591
484.0,315.33655319886856
504.0,1251.8616318108338
1814.0,576.03212537937202
1455.0,452.16929730246324
49.0,131.80712393175546
327.0,246.98058627634367
487.0,475.90558865464715
413.0,497.05091339926327
968.0,829.78691915384934
1056.0,231.30962998988741
1639.0,404.92653118002511
2036.0,1089.4021333000858
458.0,283.69073034370052
683.0,651.64849265077817
710.0,290.18347116760299
1120.0,555.73939301556766
507.0,862.99163387806868
1949.0,622.87840157838218
230.0,443.38879535283331
1388.0,877.33328787067649
479.0,204.1302354182688
1211.0,159.23270352731828
896.0,599.28554577861951
1473.0,611.33848231017066
1704.0,329.05695274966331
1888.0,236.40982282910551
1387.0,558.78192312310841
1201.0,850.19446386355412
920.0,706.93848790310028
741.0,498.26820940159729
255.0,832.3586650928986
1121.0,118.48194102493981
2054.0,572.20512246314138
590.0,658.67146869006751
1390.0,742.56440401894747
170.0,326.39263921021342
3.0,861.57868860008284
1332.0,423.29400884902589
1203.0,1090.2848998576196
966.0,668.45111996545643
1419.0,739.73432588983474
340.0,723.36669471527966
436.0,224.9154203955365
478.0,727.21878818895914
1726.0,393.22632261197396
1517.0,645.17887916405573
1289.0,109.81895298409279
1705.0,658.90540848173794
1283.0,385.33077878768131
1827.0,841.37485839872352
705.0,414.68067306981402
1715.0,771.83974473845331
1179.0,197.14450516482887
131.0,586.34324547147094
501.0,197.51255582520665
1018.0,559.50665235967142
1835.0,459.14931025083632
740.0,457.04170547267233
614.0,263.86140669568755
308.0,225.87673584538751
1533.0,704.13199829790426
1240.0,297.56139043214256
1929.0,340.29503737630779
1803.0,959.71132789647299
149.0,655.50031987944271
1440.0,236.86195740643444
1353.0,767.99824837193898
2065.0,1044.400582077393
541.0,355.26627845723067
1817.0,764.75445214514878
823.0,822.24155885756136
1921.0,614.87933136366496
1667.0,501.41825919553082
419.0,428.34337214226662
1906.0,559.00932183191878
709.0,602.32507268711606
199.0,239.5959122789383
612.0,304.3314986251608
330.0,383.50745133839354
1168.0,479.88622604472295
1895.0,2.5873473728341785
1963.0,761.97124579653905
1855.0,401.83815757287158
753.0,825.60661844645472
1325.0,974.29527508584272
1280.0,127.74389187995821
182.0,580.09463588224241
510.0,399.1629718661311
573.0,686.18084119686455
1220.0,828.59406803425054
572.0,539.69329635215661
1839.0,240.14593322367304
1487.0,393.17756374659552
1185.0,379.08057999480718
722.0,913.17171760150734
1548.0,158.91447736603178
2051.0,575.64329026732412
1316.0,395.90872638480533
1415.0,547.46028547861874
1773.0,242.62034272918515
1889.0,304.77734202224377
2046.0,819.87771147163812
1610.0,184.58078087629531
490.0,377.53695062629845
1819.0,843.22971615949768
1872.0,582.72557982931676
1377.0,194.64523466067703
208.0,821.34394385458154
263.0,27.268615816999652
554.0,522.86731755362894
354.0,824.60368647055691
622.0,839.33187055946632
424.0,1144.3693952009928
483.0,938.16467048774246
701.0,565.36538059606153
1174.0,683.40223382120143
1066.0,658.41710053089093
832.0,331.9281070550162
537.0,920.67141517725599
1378.0,267.1195956843809
23.0,758.63733450236361
1651.0,669.37469214288842
268.0,501.9981999333562
1054.0,339.59323622578671
316.0,941.07321267020188
1074.0,868.733230130979
1248.0,849.34916094892128
181.0,482.51139146841911
697.0,883.51442857459597
1233.0,202.0865600846607
1072.0,630.60049916220157
845.0,773.68305462962394
1073.0,284.38223599210448
870.0,236.69976628059442
986.0,423.70645289052419
2075.0,417.08922910436922
1218.0,733.51192828556248
662.0,389.57196361327914
863.0,957.93982312594471
1850.0,584.55662861483586
1475.0,473.01474757123697
1739.0,685.05090050953061
1204.0,587.78978933052758
1959.0,644.30413973793156
891.0,573.89202200346699
1102.0,642.16126035188904
363.0,869.54898011011721
1884.0,788.64973888708505
1882.0,515.04938323145518
1438.0,389.62341118948729
2028.0,596.66506855605041
2038.0,572.00365386753856
1936.0,598.16716561025635
2055.0,339.21877882787038
1081.0,894.82115401946191
1694.0,178.11878063338705
459.0,143.08074177566161
2056.0,414.62669005564243
1477.0,550.450422338978
2109.0,756.65187104643155
645.0,323.75219058299064
1494.0,890.76942919355633
1788.0,440.83680297564041
2062.0,380.00803092663529
1292.0,630.95840683174947
276.0,504.84684033766086
203.0,811.6432776879102
1090.0,829.15268316059394
257.0,609.97626784290878
1482.0,876.71282129961332
1171.0,154.2366056421514
544.0,653.13305809939493
1164.0,521.12340023102126
2008.0,608.07142677650302
1822.0,487.89712195268152
1932.0,771.00165771946115
542.0,792.62184368245209
1017.0,750.67659190371637
720.0,185.86785352531726
652.0,1131.501677787006
607.0,565.25724469072111
498.0,478.57379545356935
1085.0,128.99853377630632
716.0,305.39159759904175
836.0,703.90249626764569
1069.0,808.69078347953075
1985.0,446.72548920895576
1193.0,141.14270616645518
1564.0,377.3529649050563
1728.0,160.273584339216
643.0,377.42320037965015
803.0,757.70008975377925
524.0,127.43862583521258
640.0,66.976157135767693
956.0,153.38893583355721
589.0,746.7100122650603
1278.0,836.26937826116057
638.0,964.50147025934996
1746.0,196.33166309155283
666.0,757.91546083115645
2087.0,463.5485959774519
837.0,424.87288883515794
1445.0,828.3315466726134
1034.0,492.33942387652269
2019.0,315.83671122047701
916.0,962.15778669196277
1083.0,270.68592970359953
1851.0,496.60383778925478
1558.0,195.69242363471824
1925.0,637.76780760656993
1669.0,920.15194186450697
1202.0,572.67190071420475
1104.0,497.39959358941803
2084.0,352.36880214246054
971.0,812.08593448167642
2000.0,705.81541516951802
274.0,225.78133910320571
2024.0,447.1148291929432
1512.0,784.47423028716162
2092.0,604.0846989656867
252.0,484.81611107087616
687.0,227.75625644321644
2088.0,466.66323697996893
650.0,480.32291271922759
1372.0,260.72598824453473
1302.0,194.46386505933091
962.0,192.59503447027723
1986.0,854.01796687647868
2017.0,556.43387808315742
789.0,451.20442470855869
1618.0,799.49455333057995
378.0,298.79215739361376
1321.0,189.80768966600377
1308.0,908.13687915837284
390.0,410.07275155258662
1608.0,241.36451761195647
110.0,278.08489474692584
631.0,774.38560339368064
871.0,369.38522884169322
1834.0,600.86606144146833
2124.0,543.09881537006379
1059.0,559.01020716426046
2012.0,879.56822644876411
1915.0,566.2935391139614
2022.0,277.28086593618434
1371.0,205.88475721690082
947.0,550.55454750328715
888.0,552.48985657380376
1727.0,606.31962998344534
1861.0,724.15298202580084
1084.0,684.29403403726872
791.0,653.25814954741043
1352.0,496.86954695835703
655.0,906.40804309023417
1876.0,156.18405782975151
1539.0,405.9845368097595
1231.0,387.96172912441278
371.0,165.02791001750271
398.0,147.21437465931245
372.0,748.41499560534305
337.0,386.68674070717117
1093.0,548.96232206819377
1659.0,151.28088464451611
1418.0,489.81456497341986
1060.0,294.08999956188336
360.0,624.1487091669544
540.0,617.35520613250344
646.0,454.88858173436535
365.0,504.85212714325314
2100.0,553.88959321569621
1184.0,78.981390162988333
1701.0,908.70107470700361
1079.0,579.88260798654233
2023.0,750.78092719714232
1458.0,647.8685419137031
379.0,620.75414206090181
1644.0,638.64735731421626
937.0,663.26771763865099
1649.0,654.38403577575798
1290.0,191.70613951853667
258.0,768.98101168864946
367.0,446.95855202128791
1778.0,406.44519334462251
1535.0,704.78267260865357
1938.0,324.0568992237944
693.0,1140.5334512981319
130.0,293.99263995387491
1234.0,666.51387234126446
799.0,583.25474098531163
1733.0,745.77417020635971
229.0,487.8464031397981
1910.0,283.48707228134191
318.0,594.56822139211965
564.0,856.39274227435317
1405.0,130.90737426648562
